"Anno di Riferimento";"Codice Voce Contabile";"Descrizione Voce Contabile";"Importo Totale";"Data Aggiornamento";
"2008";"A01000";"A.1)  Contributi in c/esercizio";99913901000.00;"06/12/2011";
"2008";"A01005";"A.1.A)  Contributi da Regione e Prov. Aut. per quota F.S. regionale";98376832000.00;"06/12/2011";
"2008";"A01010";"A.1.A.1)  da Regione e Prov. Aut. per quota F.S. regionale indistinto";96629037000.00;"06/12/2011";
"2008";"A01015";"A.1.A.2)  da Regione e Prov. Aut. per quota F.S. vincolato";1747795000.00;"06/12/2011";
"2008";"A01020";"A.1.B)  Contributi c/esercizio da enti pubblici  (EXTRA FONDO)";1483085000.00;"06/12/2011";
"2008";"A01025";"A.1.B.1)  da enti pubblici (extra fondo) vincolati";764878000.00;"06/12/2011";
"2008";"A01030";"A.1.B.1.1)  Contributi da Regione (extra fondo) vincolati";451099000.00;"06/12/2011";
"2008";"A01035";"A.1.B.1.2)  Contributi da altri enti pubblici (extra fondo) vincolati";145508000.00;"06/12/2011";
"2008";"A01040";"A.1.B.1.3)  Contributi da Asl/Ao/Irccs/Policlinici  (extra fondo) vincolati";276000.00;"14/07/2011";
"2008";"A01045";"A.1.B.1.4)  Contributi in conto esercizio per ricerca corrente";135086000.00;"15/02/2010";
"2008";"A01050";"A.1.B.1.5)  Contributi in conto esercizio per ricerca finalizzata";32909000.00;"15/02/2010";
"2008";"A01055";"A.1.B.2)  da enti pubblici (extra fondo) - Altro";718207000.00;"06/12/2011";
"2008";"A01060";"A.1.B.2.1)  Contributi da Regione (extra fondo)  - Altro";681520000.00;"14/07/2011";
"2008";"A01065";"A.1.B.2.2)  Contributi da altri enti pubblici (extra fondo) - Altro";36687000.00;"06/12/2011";
"2008";"A01075";"A.1.C)  Contributi c/esercizio da enti privati";53984000.00;"06/12/2011";
"2008";"A02000";"A.2)   Proventi e ricavi diversi";5571951000.00;"06/12/2011";
"2008";"A02005";"A.2.A)  Ricavi per prestazioni sanitarie e sociosanitarie a rilevanza sanitaria";5262665000.00;"06/12/2011";
"2008";"A02010";"A.2.A.1)  Ricavi per prestazioni sanitarie e sociosanitarie erogate a soggetti pubblici";2426668000.00;"06/12/2011";
"2008";"A02015";"A.2.A.1.1)  Ricavi per prestaz. sanitarie  e sociosanitarie erogate ad  ASL, A.O., IRCCS e Policlinici della Regione";9148000.00;"14/07/2011";
"2008";"A02020";"A.2.A.1.1.A) Prestazioni di ricovero";17000.00;"30/06/2009";
"2008";"A02025";"A.2.A.1.1.B) Prestazioni di specialistica ambulatoriale";189000.00;"14/07/2011";
"2008";"A02030";"A.2.A.1.1.C) Prestazioni di psichiatria residenziale e semiresidenziale";4809000.00;"13/08/2009";
"2008";"A02035";"A.2.A.1.1.D) Prestazioni di File F";2920000.00;"14/07/2011";
"2008";"A02040";"A.2.A.1.1.E) Altre prestazioni sanitarie e sociosanitarie";1213000.00;"14/07/2011";
"2008";"A02065";"A.2.A.1.1.E.5) Altre prestazioni sanitarie e socio-sanitarie";1213000.00;"14/07/2011";
"2008";"A02070";"A.2.A.1.2)   Ricavi per prestaz. sanitarie  e sociosanitarie  erogate ad altri soggetti pubblici";113871000.00;"06/12/2011";
"2008";"A02075";"A.2.A.1.3)   Ricavi per prestaz. sanitarie e sociosanitarie erogate a soggetti pubblici extra Regione";2303649000.00;"06/12/2011";
"2008";"A02080";"A.2.A.1.3.A) Prestazioni di ricovero";1744167000.00;"06/12/2011";
"2008";"A02085";"A.2.A.1.3.B) Prestazioni ambulatoriali";275659000.00;"06/12/2011";
"2008";"A02090";"A.2.A.1.3.C) Prestazioni di psichiatria non soggetta a compensazione (resid. e semiresid.)";1628000.00;"30/10/2009";
"2008";"A02095";"A.2.A.1.3.D) Prestazioni di File F";105073000.00;"06/12/2011";
"2008";"A02100";"A.2.A.1.3.E) Altre prestazioni sanitarie soggette a compensazione Extraregione";142980000.00;"06/12/2011";
"2008";"A02105";"A.2.A.1.3.E.1) Prestazioni servizi MMG, PLS, Contin. assistenziale Extraregione";19670000.00;"06/12/2011";
"2008";"A02110";"A.2.A.1.3.E.2) Prestazioni servizi farmaceutica conv enzionata Extraregione";68341000.00;"06/12/2011";
"2008";"A02115";"A.2.A.1.3.E.3) Prestazioni termali Extraregione";27926000.00;"23/11/2009";
"2008";"A02120";"A.2.A.1.3.E.4) Prestazioni trasporto ambulanze ed elisoccorso Extraregione";10143000.00;"06/12/2011";
"2008";"A02125";"A.2.A.1.3.E.5) Altre prestazioni sanitarie  Extraregione";16900000.00;"15/02/2010";
"2008";"A02130";"A.2.A.1.3.F) Altre prestazioni sanitarie e sociosanitarie non soggette a compensazione Extraregione";22144000.00;"06/12/2011";
"2008";"A02135";"A.2.A.1.3.F.1) Prestazioni di assistenza riabilitativa non soggetta a compensazione Extraregione";253000.00;"07/08/2009";
"2008";"A02140";"A.2.A.1.3.F.2) Altre prestazioni sanitarie e socio-sanitarie non soggetta a compenzazione Extraregione";21891000.00;"06/12/2011";
"2008";"A02145";"A.2.A.1.3.G) Altre prestazioni sanitarie - Mobilita' attiva Internazionale";11998000.00;"07/08/2009";
"2008";"A02150";"A.2.A.2)  Ricavi per prestazioni sanitarie erogate da soggetti privati v/ residenti extraregione in compensazione (mobilita' attiva)";1015743000.00;"06/12/2011";
"2008";"A02155";"A.2.A.2.1)  Prestazioni di ricovero da priv. extraregione in compensazione (mobilita' attiva)";905749000.00;"06/12/2011";
"2008";"A02160";"A.2.A.2.2)  Prestazioni ambulatoriali da priv. extraregione in compensazione  (mobilita' attiva)";71400000.00;"06/12/2011";
"2008";"A02165";"A.2.A.2.3)  Prestazioni di File F da priv. extraregione in compensazione (mobilita' attiva)";20757000.00;"06/12/2011";
"2008";"A02170";"A.2.A.2.4)  Altre prestazioni sanitarie erogate da privati v/residenti extraregione in compensazione (mobilita' attiva)";17837000.00;"06/12/2011";
"2008";"A02175";"A.2.A.3)  Ricavi per prestazioni sanitarie erogate a soggetti privati";562091000.00;"06/12/2011";
"2008";"A02180";"A.2.A.4)  Ricavi per prestazioni sanitarie erogate in regime di intramoenia";1258163000.00;"06/12/2011";
"2008";"A02185";"A.2.A.4.1)  Ricavi per prestazioni sanitarie intramoenia - Area ospedaliera";368988000.00;"06/12/2011";
"2008";"A02190";"A.2.A.4.2)  Ricavi per prestazioni sanitarie intramoenia - Area specialistica";711704000.00;"06/12/2011";
"2008";"A02195";"A.2.A.4.3)  Ricavi per prestazioni sanitarie intramoenia - Area sanita' pubblica";14751000.00;"06/12/2011";
"2008";"A02200";"A.2.A.4.4)  Ricavi per prestazioni sanitarie intramoenia - Consulenze (ex art. 55 c.1 lett. c), d) ed ex Art. 57-58)";112830000.00;"14/07/2011";
"2008";"A02205";"A.2.A.4.5)  Ricavi per prestazioni sanitarie intramoenia - Consulenze (ex art. 55 c.1 lett. c), d) ed ex Art. 57-58) (Asl - Ao,Irccs e Policlinici  della Regione)";205000.00;"14/07/2011";
"2008";"A02210";"A.2.A.4.6)  Ricavi per prestazioni sanitarie intramoenia - Altro";49652000.00;"06/12/2011";
"2008";"A02215";"A.2.A.4.7)  Ricavi per prestazioni sanitarie intramoenia - Altro (Asl - Ao, Irccs e Policlinici  della Regione)";33000.00;"14/07/2011";
"2008";"A02220";"A.2.B) Ricavi per prestazioni non sanitarie";89416000.00;"06/12/2011";
"2008";"A02225";"A.2.C) Altri proventi";219870000.00;"06/12/2011";
"2008";"A02230";"A.2.C.1)  Proventi non sanitari";81755000.00;"06/12/2011";
"2008";"A02235";"A.2.C.1.1) Affitti attivi ed altri proventi da attivita' immobiliari";50024000.00;"06/12/2011";
"2008";"A02239";"A.2.C.1.2) Altro";31731000.00;"06/12/2011";
"2008";"A02240";"A.2.C.2) Altri proventi diversi";138115000.00;"06/12/2011";
"2008";"A03000";"A.3)  Concorsi, recuperi e rimborsi per attivita' tipiche";719180000.00;"06/12/2011";
"2008";"A03005";"A.3.A) Rimborsi assicurativi";18816000.00;"06/12/2011";
"2008";"A03010";"A.3.B) Altri concorsi, recuperi e rimborsi per attivita' tipiche";700364000.00;"06/12/2011";
"2008";"A03015";"A.3.B.1) Concorsi, recuperi e rimborsi v/Asl-AO, IRCCS, Policlinici della Regione";18575000.00;"14/07/2011";
"2008";"A03020";"A.3.B.1.1) Rimborso degli oneri stipendiali del personale dipendente dell' azienda in posizione di comando in Asl-AO, IRCCS, Policlinici della Regione";13400000.00;"14/07/2011";
"2008";"A03025";"A.3.B.1.2) Rimborsi per acquisto beni da parte di  Asl-AO, IRCCS, Policlinici della Regione";3319000.00;"14/07/2011";
"2008";"A03030";"A.3.B.1.3) Altri concorsi, recuperi e rimborsi per attivita' tipiche da parte di Asl-AO , IRCCS, Pol";1856000.00;"14/07/2011";
"2008";"A03035";"A.3.B.2) Concorsi, recuperi e rimborsi v/altri Enti Pubblici";201114000.00;"06/12/2011";
"2008";"A03040";"A.3.B.2.1) Rimborso degli oneri stipendiali del personale  dipendente dell'azienda in posizione di comando v/altri Enti Pubblici";79059000.00;"06/12/2011";
"2008";"A03045";"A.3.B.2.2) Rimborsi per acquisto beni v/altri Enti Pubblici";30973000.00;"23/11/2009";
"2008";"A03050";"A.3.B.2.3) Altri concorsi, recuperi e rimborsi per attivita' tipiche v/Altri Enti Pubblici";91082000.00;"06/12/2011";
"2008";"A03055";"A.3.B.3) Concorsi, recuperi e rimborsi v/Regione";4347000.00;"14/07/2011";
"2008";"A03060";"A.3.B.3.1) Rimborso degli oneri stipendiali del personale dell'azienda in posizione di comando v/Regione";4310000.00;"14/07/2011";
"2008";"A03065";"A.3.B.3.2) Altri concorsi, recuperi e rimborsi per attivita' tipiche v/Regione";37000.00;"09/07/2009";
"2008";"A03070";"A.3.B.4) Concorsi, recuperi e rimborsi v/privati";476328000.00;"06/12/2011";
"2008";"A03075";"A.3.B.4.1) Rimborso da Aziende Farmaceutiche per Pay Back";206701000.00;"06/12/2011";
"2008";"A03080";"A.3.B.4.2) Altri concorsi, recuperi e rimborsi verso privati";269627000.00;"06/12/2011";
"2008";"A04000";"A.4) Compartecipazione alla spesa per prestazioni sanitarie (ticket)";1146347000.00;"06/12/2011";
"2008";"A04005";"A.4.A) Compartecipazione alla spesa per prestazioni sanitarie - Ticket sulle prestazioni di specialistica ambulatoriale";1009861000.00;"06/12/2011";
"2008";"A04010";"A.4.B) Compartecipazione alla spesa per prestazioni sanitarie - Ticket sul pronto soccorso";23245000.00;"06/12/2011";
"2008";"A04015";"A.4.C) Compartecipazione alla spesa per prestazioni sanitarie (ticket)- Altro";113241000.00;"06/12/2011";
"2008";"A05000";"A.5)  Costi capitalizzati";1417234000.00;"06/12/2011";
"2008";"A05005";"A.5.A)  Costi capitalizzati da utilizzo finanziamenti per investimenti (Costi Sterilizzati)";1396887000.00;"06/12/2011";
"2008";"A05010";"A.5.A.1) Costi capitalizzati da utilizzo finanziamenti per investimenti da Regione";1225029000.00;"06/12/2011";
"2008";"A05015";"A.5.A.2) Costi capitalizzati da utilizzo finanziamenti per investimenti dallo Stato";45267000.00;"15/02/2010";
"2008";"A05020";"A.5.A.3) Costi capitalizzati da utilizzo altre poste del patrimonio netto";126591000.00;"14/07/2011";
"2008";"A05025";"A.5.B)  Costi capitalizzati per costi sostenuti in economia";20347000.00;"14/07/2011";
"2008";"A99999";"Totale valore della produzione (A)";108769000000.00;"06/12/2011";
"2008";"B01000";"B.1)  Acquisti di beni";13198441000.00;"06/12/2011";
"2008";"B01005";"B.1.A)  Acquisti di beni sanitari";12461740000.00;"06/12/2011";
"2008";"B01010";"B.1.A.1)  Prodotti farmaceutici ed emoderivati";6092290000.00;"06/12/2011";
"2008";"B01015";"B.1.A.2)  Ossigeno";107847000.00;"06/12/2011";
"2008";"B01020";"B.1.A.3)  Prodotti dietetici";49305000.00;"06/12/2011";
"2008";"B01025";"B.1.A.4)  Materiali per la profilassi (vaccini)";255877000.00;"06/12/2011";
"2008";"B01030";"B.1.A.5)  Materiali diagnostici prodotti chimici";1436021000.00;"06/12/2011";
"2008";"B01035";"B.1.A.6)  Materiali diagnostici, lastre RX, mezzi di contrasto per RX, carta per ECG, ECG, etc.";255550000.00;"06/12/2011";
"2008";"B01040";"B.1.A.7)   Presidi chirurgici e materiali sanitari";2515993000.00;"06/12/2011";
"2008";"B01045";"B.1.A.8)  Materiali protesici";1307833000.00;"06/12/2011";
"2008";"B01050";"B.1.A.9)  Materiali per emodialisi";279739000.00;"06/12/2011";
"2008";"B01055";"B.1.A.10)  Materiali e Prodotti per uso veterinario";6790000.00;"06/12/2011";
"2008";"B01060";"B.1.A.11)  Altri beni e prodotti sanitari";154495000.00;"06/12/2011";
"2008";"B01070";"B.1.B)  Acquisti di beni non sanitari";736701000.00;"06/12/2011";
"2008";"B01075";"B.1.B.1)  Prodotti alimentari";103059000.00;"06/12/2011";
"2008";"B01080";"B.1.B.2)  Materiali di guardaroba, di pulizia e di convivenza in genere";105853000.00;"06/12/2011";
"2008";"B01085";"B.1.B.3)  Combustibili, carburanti e lubrificanti";167697000.00;"06/12/2011";
"2008";"B01090";"B.1.B.4)  Supporti informatici e cancelleria";154085000.00;"06/12/2011";
"2008";"B01095";"B.1.B.5)  Materiale per la manutenzione";94574000.00;"06/12/2011";
"2008";"B01100";"B.1.B.6)  Altri beni non sanitari";111433000.00;"06/12/2011";
"2008";"B02000";"B.2)  Acquisti di servizi";53912781000.00;"06/12/2011";
"2008";"B02005";"B.2.A)   Acquisti servizi sanitari";46970004000.00;"06/12/2011";
"2008";"B02010";"B.2.A.1)   Acquisti servizi sanitari per medicina di base";6083268000.00;"06/12/2011";
"2008";"B02015";"B.2.A.1.1) - da convenzione";6067592000.00;"06/12/2011";
"2008";"B02020";"B.2.A.1.1.A) Spese per assistenza MMG";4216072000.00;"06/12/2011";
"2008";"B02025";"B.2.A.1.1.B) Spese per assistenza PLS";934296000.00;"06/12/2011";
"2008";"B02030";"B.2.A.1.1.C) Spese per assistenza Continuita' assistenziale";643055000.00;"06/12/2011";
"2008";"B02035";"B.2.A.1.1.D) Altro (medicina dei servizi, psicologi, medici 118, ecc)";274169000.00;"06/12/2011";
"2008";"B02040";"B.2.A.1.2) - da pubblico (Asl-AO, IRCCS, Policlinici della Regione) - Mobilita' intraregionale";15000.00;"14/07/2011";
"2008";"B02045";"B.2.A.1.3) - da pubblico Mobilita' ( Extra Regione)";15661000.00;"06/12/2011";
"2008";"B02050";"B.2.A.2)   Acquisti servizi sanitari per farmaceutica";11494611000.00;"06/12/2011";
"2008";"B02055";"B.2.A.2.1) - da convenzione";11433224000.00;"06/12/2011";
"2008";"B02065";"B.2.A.2.3) - da pubblico ( extra Regione)";61387000.00;"06/12/2011";
"2008";"B02070";"B.2.A.3)   Acquisti servizi sanitari per assistenza specialistica ambulatoriale";4218823000.00;"06/12/2011";
"2008";"B02075";"B.2.A.3.1)  - da pubblico (Asl-AO, IRCCS, Policlinici della Regione)-  Mobilita' intraregionale";178000.00;"14/07/2011";
"2008";"B02080";"B.2.A.3.2)  - da pubblico (altri soggetti pubbl. della Regione)";28433000.00;"06/12/2011";
"2008";"B02085";"B.2.A.3.3)  - da pubblico (extra Regione)";313316000.00;"06/12/2011";
"2008";"B02090";"B.2.A.3.4)  - da privato - Medici SUMAI";821327000.00;"06/12/2011";
"2008";"B02095";"B.2.A.3.5)  - da privato";2975834000.00;"06/12/2011";
"2008";"B02100";"B.2.A.3.5.A) Servizi sanitari per assistenza specialistica da IRCCS Privati e Policl.privati";246222000.00;"14/07/2011";
"2008";"B02105";"B.2.A.3.5.B) Servizi sanitari per assistenza specialistica da Ospedali Classificati privati";220418000.00;"14/07/2011";
"2008";"B02110";"B.2.A.3.5.C) Servizi sanitari per assistenza specialistica da Case di Cura Private";716924000.00;"06/12/2011";
"2008";"B02115";"B.2.A.3.5.D) Servizi sanitari per assistenza specialistica da altri soggetti privati";1792270000.00;"06/12/2011";
"2008";"B02120";"B.2.A.3.6)  - da privato per cittadini non residenti - extraregione (mobilita' attiva in compensazione)";79735000.00;"06/12/2011";
"2008";"B02125";"B.2.A.4)   Acquisti servizi sanitari per assistenza riabilitativa";1969299000.00;"06/12/2011";
"2008";"B02130";"B.2.A.4.1)  - da pubblico (Asl-AO, IRCCS, Policlinici della Regione) -  Mobilita' intraregionale";1000.00;"14/07/2011";
"2008";"B02135";"B.2.A.4.2)  - da pubblico (altri soggetti pubbl. della Regione)";87683000.00;"14/07/2011";
"2008";"B02140";"B.2.A.4.3)  - da pubblico (extra Regione) non soggetto a compensazione";1204000.00;"15/02/2010";
"2008";"B02145";"B.2.A.4.4)  - da privato (intraregionale ed extraregionale)";1880411000.00;"06/12/2011";
"2008";"B02150";"B.2.A.5)   Acquisti servizi sanitari per assistenza integrativa e protesica";1808992000.00;"06/12/2011";
"2008";"B02160";"B.2.A.5.2)  - da pubblico (altri soggetti pubbl. della Regione)";8061000.00;"15/02/2010";
"2008";"B02165";"B.2.A.5.3)  - da pubblico (extra Regione)";1277000.00;"23/11/2009";
"2008";"B02170";"B.2.A.5.4)  - da privato";1799654000.00;"06/12/2011";
"2008";"B02175";"B.2.A.6)   Acquisti servizi sanitari per assistenza ospedaliera";11278576000.00;"06/12/2011";
"2008";"B02180";"B.2.A.6.1)  - da pubblico (Asl-AO, IRCCS, Policlinici della Regione)-  Mobilita' intraregionale";851000.00;"14/07/2011";
"2008";"B02185";"B.2.A.6.2)  - da pubblico (altri soggetti pubbl. della Regione)";273145000.00;"14/07/2011";
"2008";"B02190";"B.2.A.6.3)  - da pubblico (extra Regione)";2401092000.00;"06/12/2011";
"2008";"B02195";"B.2.A.6.4)  - da privato";7658962000.00;"06/12/2011";
"2008";"B02200";"B.2.A.6.4.A) Servizi sanitari per assistenza ospedaliera da IRCCS Privati e Policlinici privati";1438024000.00;"15/02/2010";
"2008";"B02205";"B.2.A.6.4.B) Servizi sanitari per assistenza ospedaliera da Ospedali Classificati privati";1106221000.00;"15/02/2010";
"2008";"B02210";"B.2.A.6.4.C) Servizi sanitari per assistenza ospedaliera da Case di Cura Private";4777783000.00;"06/12/2011";
"2008";"B02215";"B.2.A.6.4.D) Servizi sanitari per assistenza ospedaliera da altri soggetti privati";336934000.00;"06/12/2011";
"2008";"B02220";"B.2.A.6.5)  - da privato per cittadini non residenti - extraregione (mobilita' attiva in compensazione)";944526000.00;"06/12/2011";
"2008";"B02225";"B.2.A.7)   Acquisto prestazioni di psichiatria residenziale e semiresidenziale";808410000.00;"06/12/2011";
"2008";"B02235";"B.2.A.7.2)  - da pubblico (altri soggetti pubbl. della Regione)";13927000.00;"14/07/2011";
"2008";"B02240";"B.2.A.7.3)  - da pubblico (extra Regione) - non soggette a compensazione";435000.00;"15/02/2010";
"2008";"B02245";"B.2.A.7.4)  - da privato(intraregionale ed extraregionale)";794048000.00;"06/12/2011";
"2008";"B02250";"B.2.A.8)   Acquisto prestazioni di distribuzione farmaci e File F";378798000.00;"06/12/2011";
"2008";"B02255";"B.2.A.8.1)  - da pubblico (Asl-AO, IRCCS, Policlinici della Regione)-  Mobilita' intraregionale";1373000.00;"25/06/2009";
"2008";"B02260";"B.2.A.8.2) - da pubblico (altri soggetti pubbl. della Regione)";10990000.00;"30/10/2009";
"2008";"B02265";"B.2.A.8.3) - da pubblico (extra Regione)";91793000.00;"06/12/2011";
"2008";"B02270";"B.2.A.8.4) - da privato";254768000.00;"14/07/2011";
"2008";"B02275";"B.2.A.8.5) - da privato per cittadini non residenti - extraregione (mobilita' attiva in compensazione)";19874000.00;"19/10/2009";
"2008";"B02280";"B.2.A.9)   Acquisto prestazioni termali in convenzione";176246000.00;"06/12/2011";
"2008";"B02290";"B.2.A.9.2) - da pubblico (altri soggetti pubbl. della Regione)";943000.00;"25/06/2009";
"2008";"B02295";"B.2.A.9.3) - da pubblico (extra Regione)";48147000.00;"06/12/2011";
"2008";"B02300";"B.2.A.9.4) - da privato";109950000.00;"06/12/2011";
"2008";"B02305";"B.2.A.9.5) - da privato  per cittadini non residenti - extraregione (mobilita' attiva in compensazione)";17206000.00;"06/12/2011";
"2008";"B02310";"B.2.A.10)   Acquisto prestazioni trasporto sanitari";723525000.00;"06/12/2011";
"2008";"B02315";"B.2.A.10.1)  - da pubblico (Asl-AO, IRCCS, Policlinici della Regione) -  Mobilita' intraregionale";5000.00;"14/07/2011";
"2008";"B02320";"B.2.A.10.2) - da pubblico (altri soggetti pubbl. della Regione)";56826000.00;"23/11/2009";
"2008";"B02325";"B.2.A.10.3) - da pubblico (extra Regione)";14354000.00;"06/12/2011";
"2008";"B02330";"B.2.A.10.4) - da privato";652340000.00;"06/12/2011";
"2008";"B02335";"B.2.A.11)   Acquisto prestazioni Socio-Sanitarie a rilevanza sanitaria";3717309000.00;"06/12/2011";
"2008";"B02340";"B.2.A.11.1)  - da pubblico (Asl-AO, IRCCS, Policlinici della Regione) -  Mobilita' intraregionale";282000.00;"14/07/2011";
"2008";"B02345";"B.2.A.11.2)  - da pubblico (altri enti pubblici)";778187000.00;"14/07/2011";
"2008";"B02350";"B.2.A.11.3) - da pubblico (extra Regione) non soggette a compensazione";2135000.00;"15/02/2010";
"2008";"B02355";"B.2.A.11.4) - da privato (intraregionale ed extraregionale)";2936705000.00;"06/12/2011";
"2008";"B02360";"B.2.A.12)  Compartecipazione al personale per att. Libero-prof. (intramoenia)";1109172000.00;"06/12/2011";
"2008";"B02365";"B.2.A.13)  Rimborsi, assegni e contributi sanitari";1123294000.00;"06/12/2011";
"2008";"B02370";"B.2.A.13.1)  Contributi ad associazioni di volontariato";42635000.00;"06/12/2011";
"2008";"B02375";"B.2.A.13.2)  Rimborsi per cure all'estero";33413000.00;"06/12/2011";
"2008";"B02380";"B.2.A.13.3)  Contributi per ARPA";401400000.00;"06/12/2011";
"2008";"B02385";"B.2.A.13.4)  Contributi per Agenzie Regionali";44205000.00;"06/12/2011";
"2008";"B02390";"B.2.A.13.5)  Contributo Legge 210/92";93497000.00;"15/02/2010";
"2008";"B02395";"B.2.A.13.6)  Altri rimborsi, assegni e contributi";506947000.00;"06/12/2011";
"2008";"B02400";"B.2.A.13.7)  Rimborsi, assegni e contributi v/Asl-Ao-Irccs-Policlinici della Regione";1197000.00;"14/07/2011";
"2008";"B02405";"B.2.A.14)  Consulenze, Collaborazioni,  Interinale e altre prestazioni di lavoro sanitarie e sociosanitarie";1178542000.00;"06/12/2011";
"2008";"B02410";"B.2.A.14.1) Consulenze sanitarie e sociosan. da Asl-AO, IRCCS, Policlinici della Regione";449000.00;"14/07/2011";
"2008";"B02415";"B.2.A.14.2) Consulenze sanitarie e sociosanit. da Terzi - Altri enti pubblici";17744000.00;"06/12/2011";
"2008";"B02420";"B.2.A.14.3) Consulenze, Collaborazioni,  Interinale e altre prestazioni di lavoro sanitarie e socios. da privato";1140135000.00;"06/12/2011";
"2008";"B02425";"B.2.A.14.3.A) Consulenze sanitarie e sociosanitarie da privato";381021000.00;"06/12/2011";
"2008";"B02430";"B.2.A.14.3.B) Collaborazioni coordinate e continuative sanitarie e socios. da privato";110436000.00;"06/12/2011";
"2008";"B02435";"B.2.A.14.3.C) Indennita' a personale universitario -area sanitaria";374522000.00;"06/12/2011";
"2008";"B02440";"B.2.A.14.3.D) Lavoro interninale -area sanitaria";112748000.00;"14/07/2011";
"2008";"B02445";"B.2.A.14.3.E) Altre collaborazioni e prestazioni di lavoro -area sanitaria";161408000.00;"06/12/2011";
"2008";"B02450";"B.2.A.14.4) Rimborso oneri stipendiali del personale sanitario in comando";20214000.00;"14/07/2011";
"2008";"B02455";"B.2.A.14.4.A) Rimborso oneri stipendiali personale sanitario in comando da Asl-AO, IRCCS, Policlinici della Regione";74000.00;"14/07/2011";
"2008";"B02460";"B.2.A.14.4.B) Rimborso oneri stipendiali personale sanitario in comando da Regioni, Enti Pubblici e da Universita'";18885000.00;"15/02/2010";
"2008";"B02465";"B.2.A.14.4.C) Rimborso oneri stipendiali personale sanitario in comando da aziende di altre Regioni (Extraregione)";1255000.00;"30/10/2009";
"2008";"B02470";"B.2.A.15) Altri servizi sanitari e sociosanitari a rilevanza sanitaria";901139000.00;"06/12/2011";
"2008";"B02480";"B.2.A.15.2)  Altri servizi sanitari e sociosanitari da pubblico - Altri enti";87310000.00;"15/02/2010";
"2008";"B02485";"B.2.A.15.3) Altri servizi sanitari e sociosanitari da pubblico (extra Regione)";12803000.00;"14/07/2011";
"2008";"B02490";"B.2.A.15.4)  Altri servizi sanitari da privato";797735000.00;"06/12/2011";
"2008";"B02495";"B.2.A.15.5)  Costi per servizi sanitari - Mobilita' internazionale passiva";3291000.00;"07/08/2009";
"2008";"B02500";"B.2.B) Acquisti di servizi non sanitari";6942777000.00;"06/12/2011";
"2008";"B02505";"B.2.B.1) Servizi non sanitari";6433333000.00;"06/12/2011";
"2008";"B02510";"B.2.B.1.1)   Lavanderia";490935000.00;"06/12/2011";
"2008";"B02515";"B.2.B.1.2)   Pulizia";1109860000.00;"06/12/2011";
"2008";"B02520";"B.2.B.1.3)   Mensa";713688000.00;"06/12/2011";
"2008";"B02525";"B.2.B.1.4)   Riscaldamento";454386000.00;"06/12/2011";
"2008";"B02530";"B.2.B.1.5)   Elaborazione dati";317546000.00;"06/12/2011";
"2008";"B02535";"B.2.B.1.6)   Servizi trasporti (non sanitari)";74526000.00;"06/12/2011";
"2008";"B02540";"B.2.B.1.7)   Smaltimento rifiuti";183649000.00;"06/12/2011";
"2008";"B02545";"B.2.B.1.8)   Utenze telefoniche";259418000.00;"06/12/2011";
"2008";"B02550";"B.2.B.1.9)   Utenze elettricita'";583506000.00;"06/12/2011";
"2008";"B02555";"B.2.B.1.10)   Altre utenze";249025000.00;"06/12/2011";
"2008";"B02560";"B.2.B.1.11)  Premi di assicurazione";594015000.00;"06/12/2011";
"2008";"B02565";"B.2.B.1.11.A)  Premi di assicurazione - R.C. Professionale";466333000.00;"06/12/2011";
"2008";"B02570";"B.2.B.1.11.B)  Premi di assicurazione - Altri premi assicurativi";127682000.00;"06/12/2011";
"2008";"B02575";"B.2.B.1.12) Altri servizi non sanitari";1402779000.00;"06/12/2011";
"2008";"B02585";"B.2.B.1.12.B) Altri servizi non sanitari da pubblico";108713000.00;"06/12/2011";
"2008";"B02590";"B.2.B.1.12.C) Altri servizi non sanitari da privato";1294066000.00;"06/12/2011";
"2008";"B02595";"B.2.B.2)  Consulenze, Collaborazioni,  Interinale e altre prestazioni di lavoro non sanitarie";347825000.00;"06/12/2011";
"2008";"B02600";"B.2.B.2.1) Consulenze non sanitarie  V/Asl-AO, IRCCS, Policlinici della Regione";11000.00;"14/07/2011";
"2008";"B02605";"B.2.B.2.2) Consulenze non sanitarie  da Terzi - Altri enti pubblici";5564000.00;"06/12/2011";
"2008";"B02610";"B.2.B.2.3) Consulenze, Collaborazioni,  Interinale e altre prestazioni di lavoro non sanitarie da privato";331840000.00;"06/12/2011";
"2008";"B02615";"B.2.B.2.3.A) Consulenze non sanitarie da privato";127488000.00;"06/12/2011";
"2008";"B02620";"B.2.B.2.3.B) Collaborazioni coordinate e continuative non sanitarie da privato";60912000.00;"06/12/2011";
"2008";"B02625";"B.2.B.2.3.C) Lavoro interinale -area non sanitaria";74294000.00;"06/12/2011";
"2008";"B02630";"B.2.B.2.3.D) Altre collaborazioni e prestazioni di lavoro -area non sanitaria";69146000.00;"06/12/2011";
"2008";"B02635";"B.2.B.2.4) Rimborso oneri stipendiali del personale non sanitario in comando";10410000.00;"14/07/2011";
"2008";"B02645";"B.2.B.2.4.B) Rimborso oneri stipendiali personale non sanitario in comando da Regioni, Enti Pubblici e da Universita'";9981000.00;"14/07/2011";
"2008";"B02650";"B.2.B.2.4.C) Rimborso oneri stipendiali personale non sanitario in comando da aziende di altre Regioni (Extraregione)";429000.00;"15/02/2010";
"2008";"B02655";"B.2.B.3) Formazione (esternalizzata e non)";161619000.00;"06/12/2011";
"2008";"B02660";"B.2.B.3.1) Formazione (esternalizzata e non) da pubblico";63506000.00;"06/12/2011";
"2008";"B02665";"B.2.B.3.2) Formazione (esternalizzata e non) da privato";98113000.00;"06/12/2011";
"2008";"B03000";"B.3)  Manutenzione e riparazione (ordinaria esternalizzata)";1605978000.00;"06/12/2011";
"2008";"B03005";"B.3.A)  Manutenzione e riparazione agli immobili e loro pertinenze";567313000.00;"06/12/2011";
"2008";"B03010";"B.3.B)  Manutenzione e riparazione ai mobili e macchine";154948000.00;"06/12/2011";
"2008";"B03015";"B.3.C)  Manutenzione e riparazione alle attrezzature tecnico-scientifico sanitarie";698673000.00;"06/12/2011";
"2008";"B03020";"B.3.D)  Manutenzione e riparazione per la manut. di automezzi (sanitari e non)";26328000.00;"06/12/2011";
"2008";"B03025";"B.3.E)  Altre manutenzioni e riparazioni";158716000.00;"06/12/2011";
"2008";"B04000";"B.4)   Godimento di beni di terzi";878844000.00;"06/12/2011";
"2008";"B04005";"B.4.A)  Affitti passivi";198746000.00;"06/12/2011";
"2008";"B04010";"B.4.B)  Canoni di noleggio";538447000.00;"06/12/2011";
"2008";"B04015";"B.4.B.1) Canoni di noleggio - area sanitaria";399371000.00;"06/12/2011";
"2008";"B04020";"B.4.B.2) Canoni di noleggio - area non sanitaria";139076000.00;"06/12/2011";
"2008";"B04025";"B.4.C)  Canoni di leasing";141651000.00;"06/12/2011";
"2008";"B04030";"B.4.C.1) Canoni di leasing - area sanitaria";112693000.00;"06/12/2011";
"2008";"B04035";"B.4.C.2) Canoni di leasing - area non sanitaria";28958000.00;"06/12/2011";
"2008";"B05000";"B.5)   Personale del ruolo sanitario";27882967000.00;"06/12/2011";
"2008";"B05005";"B.5.A) Costo del personale dirigente ruolo sanitario";14186391000.00;"06/12/2011";
"2008";"B05010";"B.5.A.1) Costo del personale dirigente medico";12906980000.00;"06/12/2011";
"2008";"B05015";"B.5.A.2) Costo del personale dirigente non medico";1279411000.00;"06/12/2011";
"2008";"B05020";"B.5.B) Costo del personale comparto ruolo sanitario";13696576000.00;"06/12/2011";
"2008";"B05089";"Totale Costo del personale";34891937000.00;"06/12/2011";
"2008";"B06000";"B.6)   Personale del ruolo professionale";137994000.00;"06/12/2011";
"2008";"B06005";"B.6.A) Costo del personale dirigente ruolo professionale";122036000.00;"06/12/2011";
"2008";"B06010";"B.6.B) Costo del personale comparto ruolo professionale";15958000.00;"06/12/2011";
"2008";"B07000";"B.7)   Personale del ruolo tecnico";4069196000.00;"06/12/2011";
"2008";"B07005";"B.7.A) Costo del personale dirigente ruolo tecnico";104174000.00;"06/12/2011";
"2008";"B07010";"B.7.B) Costo del personale comparto ruolo tecnico";3965022000.00;"06/12/2011";
"2008";"B08000";"B.8)   Personale del ruolo amministrativo";2801780000.00;"06/12/2011";
"2008";"B08005";"B.8.A) Costo del personale dirigente ruolo amministrativo";306286000.00;"06/12/2011";
"2008";"B08010";"B.8.B) Costo del personale comparto ruolo amministrativo";2495494000.00;"06/12/2011";
"2008";"B09000";"B.9)   Oneri diversi di gestione";615970000.00;"06/12/2011";
"2008";"B09005";"B.9.A)  Imposte e tasse (escluso Irap e Ires)";89533000.00;"06/12/2011";
"2008";"B09010";"B.9.B)  Perdite su crediti";426000.00;"06/12/2011";
"2008";"B09015";"B.9.C) Altri oneri diversi di gestione";526011000.00;"06/12/2011";
"2008";"B09020";"B.9.C.1)  Indennita', rimborso spese e oneri sociali per gli Organi Direttivi e Collegio Sindacale";205456000.00;"06/12/2011";
"2008";"B09025";"B.9.C.2)  Altri oneri diversi di gestione";320555000.00;"06/12/2011";
"2008";"B10000";"B.10) Ammortamenti delle immobilizzazioni immateriali";124656000.00;"06/12/2011";
"2008";"B11000";"B.11) Ammortamento dei fabbricati";796641000.00;"06/12/2011";
"2008";"B11005";"B.11.A) Ammortamenti fabbricati non strumentali (disponibili)";40155000.00;"06/12/2011";
"2008";"B11010";"B.11.B) Ammortamenti fabbricati strumentali (indisponibili)";756486000.00;"06/12/2011";
"2008";"B11129";"Totale Ammortamenti delle immobilizzazioni materiali";2059537000.00;"06/12/2011";
"2008";"B12000";"B.12) Ammortamenti delle altre immobilizzazioni materiali";1262896000.00;"06/12/2011";
"2008";"B13000";"B.13) Svalutazione dei crediti";40972000.00;"06/12/2011";
"2008";"B14000";"B.14) Variazione delle rimanenze";-91050000.00;"06/12/2011";
"2008";"B14005";"B.14.A) Variazione rimanenze sanitarie";-90096000.00;"06/12/2011";
"2008";"B14010";"B.14.B) Variazione rimanenze non sanitarie";-954000.00;"06/12/2011";
"2008";"B15000";"B.15) Accantonamenti tipici dell'esercizio";2102744000.00;"06/12/2011";
"2008";"B15005";"B.15.A) Accantonamenti per rischi";632609000.00;"06/12/2011";
"2008";"B15010";"B.15.A.1)  Accantonamenti per cause civili ed oneri processuali";145031000.00;"06/12/2011";
"2008";"B15015";"B.15.A.2)  Accantonamenti per contenzioso personale dipendente";24249000.00;"14/07/2011";
"2008";"B15020";"B.15.A.3) Altri accantonamenti per rischi";463329000.00;"06/12/2011";
"2008";"B15025";"B.15.B) Accantonamenti per premio di operosita'";41652000.00;"06/12/2011";
"2008";"B15030";"B.15.C) Altri accantonamenti";1428483000.00;"06/12/2011";
"2008";"B15035";"B.15.C.1)  Accantonamenti per interessi di mora";35861000.00;"14/07/2011";
"2008";"B15040";"B.15.C.2)  Acc. Rinnovi convenzioni MMG/Pls/MCA ed altri";396697000.00;"06/12/2011";
"2008";"B15045";"B.15.C.3)  Acc. Rinnovi contratt. - dirigenza medica";162575000.00;"06/12/2011";
"2008";"B15050";"B.15.C.4)  Acc. Rinnovi contratt.- dirigenza non medica";19363000.00;"06/12/2011";
"2008";"B15055";"B.15.C.5)  Acc. Rinnovi contratt.: - comparto";226962000.00;"06/12/2011";
"2008";"B15060";"B.15.C.6) Altri accantonamenti";587025000.00;"06/12/2011";
"2008";"B99999";"Totale costi della produzione (B)";109341000000.00;"06/12/2011";
"2008";"C01000";"C.1) Interessi attivi";14758000.00;"06/12/2011";
"2008";"C01005";"C.1.A) Interessi attivi su c/tesoreria";6587000.00;"06/12/2011";
"2008";"C01010";"C.1.B) Interessi attivi su c/c postali e bancari";4632000.00;"06/12/2011";
"2008";"C01015";"C.1.C) Altri interessi attivi";3539000.00;"06/12/2011";
"2008";"C02000";"C.2) Altri proventi";3157000.00;"15/02/2010";
"2008";"C02005";"C.2.A) Proventi da partecipazioni";236000.00;"19/10/2009";
"2008";"C02015";"C.2.C) Proventi finanziari da titoli iscritti nelle immobilizzazioni";289000.00;"19/10/2009";
"2008";"C02020";"C.2.D) Altri proventi finanziari diversi dai precedenti";2611000.00;"15/02/2010";
"2008";"C02025";"C.2.E) Utili su cambi";21000.00;"19/10/2009";
"2008";"C03000";"C.3)  Interessi passivi";584942000.00;"06/12/2011";
"2008";"C03005";"C.3.A) Interessi passivi su c/c tesoreria";174480000.00;"06/12/2011";
"2008";"C03010";"C.3.B) Interessi passivi su mutui";104469000.00;"14/07/2011";
"2008";"C03015";"C.3.C) Altri interessi passivi";305993000.00;"06/12/2011";
"2008";"C04000";"C.4)  Altri oneri";24423000.00;"06/12/2011";
"2008";"C04005";"C.4.A) Altri oneri finanziari";24408000.00;"06/12/2011";
"2008";"C04010";"C.4.B) Perdite su cambi";15000.00;"06/12/2011";
"2008";"C99999";"Totale proventi e oneri finanziari (C)";-591450000.00;"06/12/2011";
"2008";"D01000";"D.1)  Rivalutazioni";2162000.00;"30/10/2009";
"2008";"D02000";"D.2)  Svalutazioni";182000.00;"15/02/2010";
"2008";"D99999";"Totale rettifiche di valore di attivita' finanziarie (D)";1980000.00;"15/02/2010";
"2008";"E01000";"E.1) Proventi straordinari";951575000.00;"06/12/2011";
"2008";"E01005";"E.1.A) Plusvalenze";87670000.00;"14/07/2011";
"2008";"E01010";"E.1.B) Altri proventi straordinari";863905000.00;"06/12/2011";
"2008";"E01015";"E.1.B.1) Proventi da donazioni e liberalita' diverse";25765000.00;"14/07/2011";
"2008";"E01020";"E.1.B.2) Sopravvenienze attive";480448000.00;"06/12/2011";
"2008";"E01025";"E.1.B.2.1) Sopravvenienze Attive v/Asl-AO, IRCCS, Policlinici";154000.00;"14/07/2011";
"2008";"E01030";"E.1.B.2.2) Sopravvenienze Attive v/terzi";480294000.00;"06/12/2011";
"2008";"E01035";"E.1.B.2.2.A) Sopravvenienze attive v/terzi relative alla mobilita' extraregionale";14039000.00;"06/12/2011";
"2008";"E01040";"E.1.B.2.2.B) Sopravvenienze attive v/terzi relative al personale";52253000.00;"06/12/2011";
"2008";"E01045";"E.1.B.2.2.C) Sopravvenienze attive v/terzi relative alle convenzioni con medici di base";26416000.00;"15/02/2010";
"2008";"E01050";"E.1.B.2.2.D) Sopravvenienze attive v/terzi relative alle convenzioni per la specialistica";6331000.00;"06/12/2011";
"2008";"E01055";"E.1.B.2.2.E) Sopravvenienze attive v/terzi relative all'acquisto prestaz. Sanitarie da operatori accreditati";74140000.00;"06/12/2011";
"2008";"E01060";"E.1.B.2.2.F) Sopravvenienze attive v/terzi relative all'acquisto di beni e servizi";83505000.00;"06/12/2011";
"2008";"E01065";"E.1.B.2.2.G) Altre sopravvenienze attive v/terzi";223610000.00;"06/12/2011";
"2008";"E01070";"E.1.B.3) Insussistenze attive";319473000.00;"06/12/2011";
"2008";"E01080";"E.1.B.3.2) Insussistenze Attive v/terzi";319473000.00;"06/12/2011";
"2008";"E01085";"E.1.B.3.2.A) Insussistenze attive v/terzi relative alla mobilita' extraregionale";452000.00;"30/06/2009";
"2008";"E01090";"E.1.B.3.2.B) Insussistenze attive v/terzi relative al personale";43584000.00;"14/07/2011";
"2008";"E01095";"E.1.B.3.2.C) Insussistenze attive v/terzi relative alle convenzioni con medici di base";21254000.00;"15/02/2010";
"2008";"E01100";"E.1.B.3.2.D) Insussistenze attive v/terzi relative alle convenzioni per la specialistica";10049000.00;"14/07/2011";
"2008";"E01105";"E.1.B.3.2.E) Insussistenze attive v/terzi relative all'acquisto prestaz. Sanitarie da operatori accreditati";42718000.00;"15/02/2010";
"2008";"E01110";"E.1.B.3.2.F) Insussistenze attive v/terzi relative all'acquisto di beni e servizi";96327000.00;"06/12/2011";
"2008";"E01115";"E.1.B.3.2.G) Altre Insussistenze attive v/terzi";105089000.00;"06/12/2011";
"2008";"E01120";"E.1.B.4) Altri proventi straordinari";38219000.00;"06/12/2011";
"2008";"E02000";"E.2) Oneri straordinari";1334700000.00;"06/12/2011";
"2008";"E02005";"E.2.A) Minusvalenze";19137000.00;"06/12/2011";
"2008";"E02010";"E.2.B) Altri oneri straordinari";1315563000.00;"06/12/2011";
"2008";"E02015";"E.2.B.1) Oneri tributari da esercizi precedenti";12474000.00;"15/02/2010";
"2008";"E02020";"E.2.B.2) Oneri da cause civili";92869000.00;"06/12/2011";
"2008";"E02025";"E.2.B.3) Sopravvenienze passive";1139838000.00;"06/12/2011";
"2008";"E02045";"E.2.B.3.2) Sopravvenienze passive v/terzi";1139838000.00;"06/12/2011";
"2008";"E02050";"E.2.B.3.2.A) Sopravvenienze passive v/terzi relative alla mobilita' extraregionale";184539000.00;"06/12/2011";
"2008";"E02055";"E.2.B.3.2.B) Sopravvenienze passive v/terzi relative al personale";255065000.00;"06/12/2011";
"2008";"E02060";"E.2.B.3.2.B.1) Soprav. passive v/terzi relative al personale - dirigenza medica";119088000.00;"06/12/2011";
"2008";"E02065";"E.2.B.3.2.B.2) Soprav. passive v/terzi relative al personale - dirigenza non medica";16605000.00;"06/12/2011";
"2008";"E02070";"E.2.B.3.2.B.3) Soprav. passive v/terzi relative al personale - comparto";119372000.00;"06/12/2011";
"2008";"E02075";"E.2.B.3.2.C) Sopravvenienze passive v/terzi relative alle convenzioni con medici di base";21200000.00;"14/07/2011";
"2008";"E02080";"E.2.B.3.2.D) Sopravvenienze passive v/terzi relative alle convenzioni per la specialistica";23852000.00;"14/07/2011";
"2008";"E02085";"E.2.B.3.2.E) Sopravvenienze passive v/terzi relative all'acquisto prestaz. sanitarie da operatori accreditati";85467000.00;"06/12/2011";
"2008";"E02090";"E.2.B.3.2.F) Sopravvenienze passive v/terzi relative all'acquisto di beni e servizi";306168000.00;"06/12/2011";
"2008";"E02095";"E.2.B.3.2.G) Altre sopravvenienze passive v/terzi";263547000.00;"06/12/2011";
"2008";"E02100";"E.2.B.4) Insussistenze passive";61586000.00;"06/12/2011";
"2008";"E02105";"E.2.B.4.1) Insussistenze passive v/Asl-AO, IRCCS, Policlinici";37000.00;"06/06/2009";
"2008";"E02110";"E.2.B.4.2) Insussistenze passive v/terzi";61549000.00;"06/12/2011";
"2008";"E02115";"E.2.B.4.2.A) Insussistenze passive v/terzi relative alla mobilita' extraregionale";2028000.00;"06/12/2011";
"2008";"E02120";"E.2.B.4.2.B) Insussistenze passive v/terzi relative al personale";379000.00;"30/10/2009";
"2008";"E02125";"E.2.B.4.2.C) Insussistenze passive v/terzi relative alle convenzioni con medici di base";26000.00;"30/06/2009";
"2008";"E02130";"E.2.B.4.2.D) Insussistenze passive v/terzi relative alle convenzioni per la specialistica";4000.00;"30/06/2009";
"2008";"E02135";"E.2.B.4.2.E) Insussistenze passive v/terzi relative all'acquisto prestaz. sanitarie da operatori accreditati";13713000.00;"15/02/2010";
"2008";"E02140";"E.2.B.4.2.F) Insussistenze passive v/terzi relative all'acquisto di beni e servizi";11607000.00;"06/12/2011";
"2008";"E02145";"E.2.B.4.2.G) Altre Insussistenze passive v/terzi";33792000.00;"06/12/2011";
"2008";"E02150";"E.2.B.5) Altri oneri straordinari";8796000.00;"14/07/2011";
"2008";"E99999";"Totale proventi e oneri straordinari (E)";-383125000.00;"06/12/2011";
"2008";"X01000";"Risultato prima delle imposte (A - B +/- C +/- D +/- E)";-1544792000.00;"06/12/2011";
"2008";"Y01000";"Y.1) IRAP";2536718000.00;"06/12/2011";
"2008";"Y01005";"Y.1.A) IRAP relativa a personale dipendente";2349177000.00;"06/12/2011";
"2008";"Y01010";"Y.1.B) IRAP relativa a collaboratori e personale assimilato a lavoro dipendente";119167000.00;"06/12/2011";
"2008";"Y01015";"Y.1.C) IRAP relativa ad attivita' di libera professione (intramoenia)";66706000.00;"06/12/2011";
"2008";"Y01020";"Y.1.D) IRAP relativa ad attivita' commerciali";1668000.00;"15/02/2010";
"2008";"Y02000";"Y.2) IRES";46381000.00;"06/12/2011";
"2008";"Y02005";"Y.2.A) IRES su attivita' istituzionale";37916000.00;"06/12/2011";
"2008";"Y02010";"Y.2.B) IRES su attivita' commerciale";8465000.00;"06/12/2011";
"2008";"Y03000";"Y.3) Accantonamento a F.do Imposte (Accertamenti, condoni, ecc.)";7256000.00;"06/12/2011";
"2008";"Y99999";"Totale imposte e tasse";2590355000.00;"06/12/2011";
"2008";"Z99999";"RISULTATO DI ESERCIZIO";-4135147000.00;"06/12/2011";
"2009";"A01000";"A.1)  Contributi in c/esercizio";102972000000.00;"12/07/2011";
"2009";"A01005";"A.1.A)  Contributi da Regione e Prov. Aut. per quota F.S. regionale";101147000000.00;"12/07/2011";
"2009";"A01010";"A.1.A.1)  da Regione e Prov. Aut. per quota F.S. regionale indistinto";99098709000.00;"12/07/2011";
"2009";"A01015";"A.1.A.2)  da Regione e Prov. Aut. per quota F.S. vincolato";2048380000.00;"12/07/2011";
"2009";"A01020";"A.1.B)  Contributi c/esercizio da enti pubblici  (EXTRA FONDO)";1789058000.00;"12/07/2011";
"2009";"A01025";"A.1.B.1)  da enti pubblici (extra fondo) vincolati";836550000.00;"12/07/2011";
"2009";"A01030";"A.1.B.1.1)  Contributi da Regione (extra fondo) vincolati";540807000.00;"12/07/2011";
"2009";"A01035";"A.1.B.1.2)  Contributi da altri enti pubblici (extra fondo) vincolati";146591000.00;"12/07/2011";
"2009";"A01040";"A.1.B.1.3)  Contributi da Asl/Ao/Irccs/Policlinici  (extra fondo) vincolati";303000.00;"12/07/2011";
"2009";"A01045";"A.1.B.1.4)  Contributi in conto esercizio per ricerca corrente";115943000.00;"01/07/2011";
"2009";"A01050";"A.1.B.1.5)  Contributi in conto esercizio per ricerca finalizzata";32906000.00;"12/07/2011";
"2009";"A01055";"A.1.B.2)  da enti pubblici (extra fondo) - Altro";952508000.00;"12/07/2011";
"2009";"A01060";"A.1.B.2.1)  Contributi da Regione (extra fondo)  - Altro";913985000.00;"12/07/2011";
"2009";"A01065";"A.1.B.2.2)  Contributi da altri enti pubblici (extra fondo) - Altro";38484000.00;"12/07/2011";
"2009";"A01070";"A.1.B.2.3)  Contributi da Asl/Ao/Irccs/Policlinici  (extra fondo) - Altro";39000.00;"02/09/2010";
"2009";"A01075";"A.1.C)  Contributi c/esercizio da enti privati";35936000.00;"12/07/2011";
"2009";"A02000";"A.2)   Proventi e ricavi diversi";5599939000.00;"12/07/2011";
"2009";"A02005";"A.2.A)  Ricavi per prestazioni sanitarie e sociosanitarie a rilevanza sanitaria";5269200000.00;"12/07/2011";
"2009";"A02010";"A.2.A.1)  Ricavi per prestazioni sanitarie e sociosanitarie erogate a soggetti pubblici";2415823000.00;"12/07/2011";
"2009";"A02015";"A.2.A.1.1)  Ricavi per prestaz. sanitarie  e sociosanitarie erogate ad  ASL, A.O., IRCCS e Policlinici della Regione";6199000.00;"12/07/2011";
"2009";"A02020";"A.2.A.1.1.A) Prestazioni di ricovero";28000.00;"18/01/2011";
"2009";"A02025";"A.2.A.1.1.B) Prestazioni di specialistica ambulatoriale";16000.00;"12/07/2011";
"2009";"A02030";"A.2.A.1.1.C) Prestazioni di psichiatria residenziale e semiresidenziale";4614000.00;"02/09/2010";
"2009";"A02040";"A.2.A.1.1.E) Altre prestazioni sanitarie e sociosanitarie";1541000.00;"12/07/2011";
"2009";"A02050";"A.2.A.1.1.E.2) Prestazioni servizi farmaceutica convenzionata";107000.00;"18/01/2011";
"2009";"A02065";"A.2.A.1.1.E.5) Altre prestazioni sanitarie e socio-sanitarie";1434000.00;"12/07/2011";
"2009";"A02070";"A.2.A.1.2)   Ricavi per prestaz. sanitarie  e sociosanitarie  erogate ad altri soggetti pubblici";98898000.00;"12/07/2011";
"2009";"A02075";"A.2.A.1.3)   Ricavi per prestaz. sanitarie e sociosanitarie erogate a soggetti pubblici extra Regione";2310726000.00;"12/07/2011";
"2009";"A02080";"A.2.A.1.3.A) Prestazioni di ricovero";1717066000.00;"12/07/2011";
"2009";"A02085";"A.2.A.1.3.B) Prestazioni ambulatoriali";298076000.00;"12/07/2011";
"2009";"A02090";"A.2.A.1.3.C) Prestazioni di psichiatria non soggetta a compensazione (resid. e semiresid.)";1631000.00;"26/01/2011";
"2009";"A02095";"A.2.A.1.3.D) Prestazioni di File F";113670000.00;"01/07/2011";
"2009";"A02100";"A.2.A.1.3.E) Altre prestazioni sanitarie soggette a compensazione Extraregione";143790000.00;"12/07/2011";
"2009";"A02105";"A.2.A.1.3.E.1) Prestazioni servizi MMG, PLS, Contin. assistenziale Extraregione";19848000.00;"01/07/2011";
"2009";"A02110";"A.2.A.1.3.E.2) Prestazioni servizi farmaceutica conv enzionata Extraregione";66073000.00;"01/07/2011";
"2009";"A02115";"A.2.A.1.3.E.3) Prestazioni termali Extraregione";28579000.00;"26/01/2011";
"2009";"A02120";"A.2.A.1.3.E.4) Prestazioni trasporto ambulanze ed elisoccorso Extraregione";13325000.00;"01/07/2011";
"2009";"A02125";"A.2.A.1.3.E.5) Altre prestazioni sanitarie  Extraregione";15965000.00;"12/07/2011";
"2009";"A02130";"A.2.A.1.3.F) Altre prestazioni sanitarie e sociosanitarie non soggette a compensazione Extraregione";23315000.00;"01/07/2011";
"2009";"A02135";"A.2.A.1.3.F.1) Prestazioni di assistenza riabilitativa non soggetta a compensazione Extraregione";235000.00;"01/07/2011";
"2009";"A02140";"A.2.A.1.3.F.2) Altre prestazioni sanitarie e socio-sanitarie non soggetta a compenzazione Extraregione";23080000.00;"26/01/2011";
"2009";"A02145";"A.2.A.1.3.G) Altre prestazioni sanitarie - Mobilita' attiva Internazionale";13178000.00;"06/09/2010";
"2009";"A02150";"A.2.A.2)  Ricavi per prestazioni sanitarie erogate da soggetti privati v/ residenti extraregione in compensazione (mobilita' attiva)";1014813000.00;"01/07/2011";
"2009";"A02155";"A.2.A.2.1)  Prestazioni di ricovero da priv. extraregione in compensazione (mobilita' attiva)";894674000.00;"01/07/2011";
"2009";"A02160";"A.2.A.2.2)  Prestazioni ambulatoriali da priv. extraregione in compensazione  (mobilita' attiva)";79638000.00;"18/01/2011";
"2009";"A02165";"A.2.A.2.3)  Prestazioni di File F da priv. extraregione in compensazione (mobilita' attiva)";22687000.00;"21/12/2010";
"2009";"A02170";"A.2.A.2.4)  Altre prestazioni sanitarie erogate da privati v/residenti extraregione in compensazione (mobilita' attiva)";17814000.00;"03/12/2010";
"2009";"A02175";"A.2.A.3)  Ricavi per prestazioni sanitarie erogate a soggetti privati";573781000.00;"12/07/2011";
"2009";"A02180";"A.2.A.4)  Ricavi per prestazioni sanitarie erogate in regime di intramoenia";1264783000.00;"12/07/2011";
"2009";"A02185";"A.2.A.4.1)  Ricavi per prestazioni sanitarie intramoenia - Area ospedaliera";353874000.00;"12/07/2011";
"2009";"A02190";"A.2.A.4.2)  Ricavi per prestazioni sanitarie intramoenia - Area specialistica";741836000.00;"12/07/2011";
"2009";"A02195";"A.2.A.4.3)  Ricavi per prestazioni sanitarie intramoenia - Area sanita' pubblica";16724000.00;"12/07/2011";
"2009";"A02200";"A.2.A.4.4)  Ricavi per prestazioni sanitarie intramoenia - Consulenze (ex art. 55 c.1 lett. c), d) ed ex Art. 57-58)";102576000.00;"12/07/2011";
"2009";"A02210";"A.2.A.4.6)  Ricavi per prestazioni sanitarie intramoenia - Altro";49716000.00;"12/07/2011";
"2009";"A02215";"A.2.A.4.7)  Ricavi per prestazioni sanitarie intramoenia - Altro (Asl - Ao, Irccs e Policlinici  della Regione)";57000.00;"12/07/2011";
"2009";"A02220";"A.2.B) Ricavi per prestazioni non sanitarie";92522000.00;"12/07/2011";
"2009";"A02225";"A.2.C) Altri proventi";238217000.00;"12/07/2011";
"2009";"A02230";"A.2.C.1)  Proventi non sanitari";88739000.00;"12/07/2011";
"2009";"A02235";"A.2.C.1.1) Affitti attivi ed altri proventi da attivita' immobiliari";54521000.00;"12/07/2011";
"2009";"A02239";"A.2.C.1.2) Altro";34218000.00;"12/07/2011";
"2009";"A02240";"A.2.C.2) Altri proventi diversi";149478000.00;"12/07/2011";
"2009";"A03000";"A.3)  Concorsi, recuperi e rimborsi per attivita' tipiche";854159000.00;"12/07/2011";
"2009";"A03005";"A.3.A) Rimborsi assicurativi";23654000.00;"12/07/2011";
"2009";"A03010";"A.3.B) Altri concorsi, recuperi e rimborsi per attivita' tipiche";830505000.00;"12/07/2011";
"2009";"A03015";"A.3.B.1) Concorsi, recuperi e rimborsi v/Asl-AO, IRCCS, Policlinici della Regione";5540000.00;"12/07/2011";
"2009";"A03020";"A.3.B.1.1) Rimborso degli oneri stipendiali del personale dipendente dell' azienda in posizione di comando in Asl-AO, IRCCS, Policlinici della Regione";5107000.00;"12/07/2011";
"2009";"A03025";"A.3.B.1.2) Rimborsi per acquisto beni da parte di  Asl-AO, IRCCS, Policlinici della Regione";53000.00;"02/09/2010";
"2009";"A03030";"A.3.B.1.3) Altri concorsi, recuperi e rimborsi per attivita' tipiche da parte di Asl-AO , IRCCS, Pol";380000.00;"18/01/2011";
"2009";"A03035";"A.3.B.2) Concorsi, recuperi e rimborsi v/altri Enti Pubblici";259386000.00;"12/07/2011";
"2009";"A03040";"A.3.B.2.1) Rimborso degli oneri stipendiali del personale  dipendente dell'azienda in posizione di comando v/altri Enti Pubblici";86203000.00;"12/07/2011";
"2009";"A03045";"A.3.B.2.2) Rimborsi per acquisto beni v/altri Enti Pubblici";54084000.00;"26/01/2011";
"2009";"A03050";"A.3.B.2.3) Altri concorsi, recuperi e rimborsi per attivita' tipiche v/Altri Enti Pubblici";119099000.00;"12/07/2011";
"2009";"A03055";"A.3.B.3) Concorsi, recuperi e rimborsi v/Regione";5063000.00;"12/07/2011";
"2009";"A03060";"A.3.B.3.1) Rimborso degli oneri stipendiali del personale dell'azienda in posizione di comando v/Regione";4898000.00;"12/07/2011";
"2009";"A03065";"A.3.B.3.2) Altri concorsi, recuperi e rimborsi per attivita' tipiche v/Regione";165000.00;"01/09/2010";
"2009";"A03070";"A.3.B.4) Concorsi, recuperi e rimborsi v/privati";560516000.00;"12/07/2011";
"2009";"A03075";"A.3.B.4.1) Rimborso da Aziende Farmaceutiche per Pay Back";251682000.00;"12/07/2011";
"2009";"A03080";"A.3.B.4.2) Altri concorsi, recuperi e rimborsi verso privati";308834000.00;"12/07/2011";
"2009";"A04000";"A.4) Compartecipazione alla spesa per prestazioni sanitarie (ticket)";1200047000.00;"12/07/2011";
"2009";"A04005";"A.4.A) Compartecipazione alla spesa per prestazioni sanitarie - Ticket sulle prestazioni di specialistica ambulatoriale";1082197000.00;"12/07/2011";
"2009";"A04010";"A.4.B) Compartecipazione alla spesa per prestazioni sanitarie - Ticket sul pronto soccorso";21718000.00;"12/07/2011";
"2009";"A04015";"A.4.C) Compartecipazione alla spesa per prestazioni sanitarie (ticket)- Altro";96132000.00;"12/07/2011";
"2009";"A05000";"A.5)  Costi capitalizzati";1395420000.00;"12/07/2011";
"2009";"A05005";"A.5.A)  Costi capitalizzati da utilizzo finanziamenti per investimenti (Costi Sterilizzati)";1373157000.00;"12/07/2011";
"2009";"A05010";"A.5.A.1) Costi capitalizzati da utilizzo finanziamenti per investimenti da Regione";1177279000.00;"12/07/2011";
"2009";"A05015";"A.5.A.2) Costi capitalizzati da utilizzo finanziamenti per investimenti dallo Stato";77183000.00;"12/07/2011";
"2009";"A05020";"A.5.A.3) Costi capitalizzati da utilizzo altre poste del patrimonio netto";118695000.00;"01/07/2011";
"2009";"A05025";"A.5.B)  Costi capitalizzati per costi sostenuti in economia";22263000.00;"12/07/2011";
"2009";"A99999";"Totale valore della produzione (A)";112022000000.00;"12/07/2011";
"2009";"B01000";"B.1)  Acquisti di beni";14147444000.00;"12/07/2011";
"2009";"B01005";"B.1.A)  Acquisti di beni sanitari";13415934000.00;"12/07/2011";
"2009";"B01010";"B.1.A.1)  Prodotti farmaceutici ed emoderivati";6717851000.00;"12/07/2011";
"2009";"B01015";"B.1.A.2)  Ossigeno";135335000.00;"12/07/2011";
"2009";"B01020";"B.1.A.3)  Prodotti dietetici";58944000.00;"12/07/2011";
"2009";"B01025";"B.1.A.4)  Materiali per la profilassi (vaccini)";259078000.00;"12/07/2011";
"2009";"B01030";"B.1.A.5)  Materiali diagnostici prodotti chimici";1483699000.00;"12/07/2011";
"2009";"B01035";"B.1.A.6)  Materiali diagnostici, lastre RX, mezzi di contrasto per RX, carta per ECG, ECG, etc.";233134000.00;"12/07/2011";
"2009";"B01040";"B.1.A.7)   Presidi chirurgici e materiali sanitari";2629760000.00;"12/07/2011";
"2009";"B01045";"B.1.A.8)  Materiali protesici";1414785000.00;"12/07/2011";
"2009";"B01050";"B.1.A.9)  Materiali per emodialisi";288572000.00;"12/07/2011";
"2009";"B01055";"B.1.A.10)  Materiali e Prodotti per uso veterinario";8754000.00;"12/07/2011";
"2009";"B01060";"B.1.A.11)  Altri beni e prodotti sanitari";186022000.00;"12/07/2011";
"2009";"B01070";"B.1.B)  Acquisti di beni non sanitari";731510000.00;"12/07/2011";
"2009";"B01075";"B.1.B.1)  Prodotti alimentari";100111000.00;"12/07/2011";
"2009";"B01080";"B.1.B.2)  Materiali di guardaroba, di pulizia e di convivenza in genere";111677000.00;"12/07/2011";
"2009";"B01085";"B.1.B.3)  Combustibili, carburanti e lubrificanti";145884000.00;"12/07/2011";
"2009";"B01090";"B.1.B.4)  Supporti informatici e cancelleria";161270000.00;"12/07/2011";
"2009";"B01095";"B.1.B.5)  Materiale per la manutenzione";93203000.00;"12/07/2011";
"2009";"B01100";"B.1.B.6)  Altri beni non sanitari";119365000.00;"12/07/2011";
"2009";"B02000";"B.2)  Acquisti di servizi";55140572000.00;"12/07/2011";
"2009";"B02005";"B.2.A)   Acquisti servizi sanitari";47866230000.00;"12/07/2011";
"2009";"B02010";"B.2.A.1)   Acquisti servizi sanitari per medicina di base";6376646000.00;"12/07/2011";
"2009";"B02015";"B.2.A.1.1) - da convenzione";6360970000.00;"12/07/2011";
"2009";"B02020";"B.2.A.1.1.A) Spese per assistenza MMG";4371175000.00;"12/07/2011";
"2009";"B02025";"B.2.A.1.1.B) Spese per assistenza PLS";1024692000.00;"12/07/2011";
"2009";"B02030";"B.2.A.1.1.C) Spese per assistenza Continuita' assistenziale";690298000.00;"12/07/2011";
"2009";"B02035";"B.2.A.1.1.D) Altro (medicina dei servizi, psicologi, medici 118, ecc)";274805000.00;"12/07/2011";
"2009";"B02045";"B.2.A.1.3) - da pubblico Mobilita' ( Extra Regione)";15676000.00;"01/07/2011";
"2009";"B02050";"B.2.A.2)   Acquisti servizi sanitari per farmaceutica";11310618000.00;"12/07/2011";
"2009";"B02055";"B.2.A.2.1) - da convenzione";11249152000.00;"12/07/2011";
"2009";"B02065";"B.2.A.2.3) - da pubblico ( extra Regione)";61466000.00;"01/07/2011";
"2009";"B02070";"B.2.A.3)   Acquisti servizi sanitari per assistenza specialistica ambulatoriale";4417288000.00;"12/07/2011";
"2009";"B02075";"B.2.A.3.1)  - da pubblico (Asl-AO, IRCCS, Policlinici della Regione)-  Mobilita' intraregionale";96000.00;"12/07/2011";
"2009";"B02080";"B.2.A.3.2)  - da pubblico (altri soggetti pubbl. della Regione)";26085000.00;"12/07/2011";
"2009";"B02085";"B.2.A.3.3)  - da pubblico (extra Regione)";337403000.00;"01/07/2011";
"2009";"B02090";"B.2.A.3.4)  - da privato - Medici SUMAI";900769000.00;"12/07/2011";
"2009";"B02095";"B.2.A.3.5)  - da privato";3057375000.00;"12/07/2011";
"2009";"B02100";"B.2.A.3.5.A) Servizi sanitari per assistenza specialistica da IRCCS Privati e Policl.privati";260932000.00;"12/07/2011";
"2009";"B02105";"B.2.A.3.5.B) Servizi sanitari per assistenza specialistica da Ospedali Classificati privati";230255000.00;"01/07/2011";
"2009";"B02110";"B.2.A.3.5.C) Servizi sanitari per assistenza specialistica da Case di Cura Private";763680000.00;"12/07/2011";
"2009";"B02115";"B.2.A.3.5.D) Servizi sanitari per assistenza specialistica da altri soggetti privati";1802508000.00;"12/07/2011";
"2009";"B02120";"B.2.A.3.6)  - da privato per cittadini non residenti - extraregione (mobilita' attiva in compensazione)";95560000.00;"26/01/2011";
"2009";"B02125";"B.2.A.4)   Acquisti servizi sanitari per assistenza riabilitativa";1976133000.00;"12/07/2011";
"2009";"B02135";"B.2.A.4.2)  - da pubblico (altri soggetti pubbl. della Regione)";90360000.00;"12/07/2011";
"2009";"B02140";"B.2.A.4.3)  - da pubblico (extra Regione) non soggetto a compensazione";1957000.00;"12/07/2011";
"2009";"B02145";"B.2.A.4.4)  - da privato (intraregionale ed extraregionale)";1883816000.00;"12/07/2011";
"2009";"B02150";"B.2.A.5)   Acquisti servizi sanitari per assistenza integrativa e protesica";1868198000.00;"12/07/2011";
"2009";"B02160";"B.2.A.5.2)  - da pubblico (altri soggetti pubbl. della Regione)";8093000.00;"26/01/2011";
"2009";"B02165";"B.2.A.5.3)  - da pubblico (extra Regione)";1459000.00;"12/07/2011";
"2009";"B02170";"B.2.A.5.4)  - da privato";1858646000.00;"12/07/2011";
"2009";"B02175";"B.2.A.6)   Acquisti servizi sanitari per assistenza ospedaliera";11230158000.00;"12/07/2011";
"2009";"B02180";"B.2.A.6.1)  - da pubblico (Asl-AO, IRCCS, Policlinici della Regione)-  Mobilita' intraregionale";16000.00;"12/07/2011";
"2009";"B02185";"B.2.A.6.2)  - da pubblico (altri soggetti pubbl. della Regione)";273870000.00;"01/07/2011";
"2009";"B02190";"B.2.A.6.3)  - da pubblico (extra Regione)";2403261000.00;"12/07/2011";
"2009";"B02195";"B.2.A.6.4)  - da privato";7612451000.00;"12/07/2011";
"2009";"B02200";"B.2.A.6.4.A) Servizi sanitari per assistenza ospedaliera da IRCCS Privati e Policlinici privati";1365508000.00;"26/01/2011";
"2009";"B02205";"B.2.A.6.4.B) Servizi sanitari per assistenza ospedaliera da Ospedali Classificati privati";1140330000.00;"26/01/2011";
"2009";"B02210";"B.2.A.6.4.C) Servizi sanitari per assistenza ospedaliera da Case di Cura Private";4765361000.00;"12/07/2011";
"2009";"B02215";"B.2.A.6.4.D) Servizi sanitari per assistenza ospedaliera da altri soggetti privati";341252000.00;"12/07/2011";
"2009";"B02220";"B.2.A.6.5)  - da privato per cittadini non residenti - extraregione (mobilita' attiva in compensazione)";940560000.00;"01/07/2011";
"2009";"B02225";"B.2.A.7)   Acquisto prestazioni di psichiatria residenziale e semiresidenziale";858767000.00;"12/07/2011";
"2009";"B02230";"B.2.A.7.1)  - da pubblico (Asl-AO, IRCCS, Policlinici della Regione) -  Mobilita' intraregionale";21000.00;"12/07/2011";
"2009";"B02235";"B.2.A.7.2)  - da pubblico (altri soggetti pubbl. della Regione)";14201000.00;"26/01/2011";
"2009";"B02240";"B.2.A.7.3)  - da pubblico (extra Regione) - non soggette a compensazione";886000.00;"26/01/2011";
"2009";"B02245";"B.2.A.7.4)  - da privato(intraregionale ed extraregionale)";843659000.00;"12/07/2011";
"2009";"B02250";"B.2.A.8)   Acquisto prestazioni di distribuzione farmaci e File F";418125000.00;"12/07/2011";
"2009";"B02255";"B.2.A.8.1)  - da pubblico (Asl-AO, IRCCS, Policlinici della Regione)-  Mobilita' intraregionale";1333000.00;"18/08/2010";
"2009";"B02260";"B.2.A.8.2) - da pubblico (altri soggetti pubbl. della Regione)";11930000.00;"26/01/2011";
"2009";"B02265";"B.2.A.8.3) - da pubblico (extra Regione)";101994000.00;"26/01/2011";
"2009";"B02270";"B.2.A.8.4) - da privato";280223000.00;"12/07/2011";
"2009";"B02275";"B.2.A.8.5) - da privato per cittadini non residenti - extraregione (mobilita' attiva in compensazione)";22645000.00;"21/12/2010";
"2009";"B02280";"B.2.A.9)   Acquisto prestazioni termali in convenzione";186808000.00;"12/07/2011";
"2009";"B02290";"B.2.A.9.2) - da pubblico (altri soggetti pubbl. della Regione)";1027000.00;"08/07/2010";
"2009";"B02295";"B.2.A.9.3) - da pubblico (extra Regione)";46241000.00;"01/07/2011";
"2009";"B02300";"B.2.A.9.4) - da privato";118243000.00;"12/07/2011";
"2009";"B02305";"B.2.A.9.5) - da privato  per cittadini non residenti - extraregione (mobilita' attiva in compensazione)";21297000.00;"12/07/2011";
"2009";"B02310";"B.2.A.10)   Acquisto prestazioni trasporto sanitari";782957000.00;"12/07/2011";
"2009";"B02315";"B.2.A.10.1)  - da pubblico (Asl-AO, IRCCS, Policlinici della Regione) -  Mobilita' intraregionale";1000.00;"12/07/2011";
"2009";"B02320";"B.2.A.10.2) - da pubblico (altri soggetti pubbl. della Regione)";65450000.00;"01/07/2011";
"2009";"B02325";"B.2.A.10.3) - da pubblico (extra Regione)";15785000.00;"12/07/2011";
"2009";"B02330";"B.2.A.10.4) - da privato";701721000.00;"12/07/2011";
"2009";"B02335";"B.2.A.11)   Acquisto prestazioni Socio-Sanitarie a rilevanza sanitaria";3900923000.00;"12/07/2011";
"2009";"B02340";"B.2.A.11.1)  - da pubblico (Asl-AO, IRCCS, Policlinici della Regione) -  Mobilita' intraregionale";93000.00;"12/07/2011";
"2009";"B02345";"B.2.A.11.2)  - da pubblico (altri enti pubblici)";797933000.00;"12/07/2011";
"2009";"B02350";"B.2.A.11.3) - da pubblico (extra Regione) non soggette a compensazione";2157000.00;"26/01/2011";
"2009";"B02355";"B.2.A.11.4) - da privato (intraregionale ed extraregionale)";3100740000.00;"12/07/2011";
"2009";"B02360";"B.2.A.12)  Compartecipazione al personale per att. Libero-prof. (intramoenia)";1102558000.00;"12/07/2011";
"2009";"B02365";"B.2.A.13)  Rimborsi, assegni e contributi sanitari";1210314000.00;"12/07/2011";
"2009";"B02370";"B.2.A.13.1)  Contributi ad associazioni di volontariato";46479000.00;"12/07/2011";
"2009";"B02375";"B.2.A.13.2)  Rimborsi per cure all'estero";21805000.00;"12/07/2011";
"2009";"B02380";"B.2.A.13.3)  Contributi per ARPA";400616000.00;"12/07/2011";
"2009";"B02385";"B.2.A.13.4)  Contributi per Agenzie Regionali";45718000.00;"01/07/2011";
"2009";"B02390";"B.2.A.13.5)  Contributo Legge 210/92";110761000.00;"01/07/2011";
"2009";"B02395";"B.2.A.13.6)  Altri rimborsi, assegni e contributi";583833000.00;"12/07/2011";
"2009";"B02400";"B.2.A.13.7)  Rimborsi, assegni e contributi v/Asl-Ao-Irccs-Policlinici della Regione";1102000.00;"18/08/2010";
"2009";"B02405";"B.2.A.14)  Consulenze, Collaborazioni,  Interinale e altre prestazioni di lavoro sanitarie e sociosanitarie";1282495000.00;"12/07/2011";
"2009";"B02410";"B.2.A.14.1) Consulenze sanitarie e sociosan. da Asl-AO, IRCCS, Policlinici della Regione";678000.00;"12/07/2011";
"2009";"B02415";"B.2.A.14.2) Consulenze sanitarie e sociosanit. da Terzi - Altri enti pubblici";16845000.00;"12/07/2011";
"2009";"B02420";"B.2.A.14.3) Consulenze, Collaborazioni,  Interinale e altre prestazioni di lavoro sanitarie e socios. da privato";1247253000.00;"12/07/2011";
"2009";"B02425";"B.2.A.14.3.A) Consulenze sanitarie e sociosanitarie da privato";405483000.00;"12/07/2011";
"2009";"B02430";"B.2.A.14.3.B) Collaborazioni coordinate e continuative sanitarie e socios. da privato";103114000.00;"12/07/2011";
"2009";"B02435";"B.2.A.14.3.C) Indennita' a personale universitario -area sanitaria";441879000.00;"12/07/2011";
"2009";"B02440";"B.2.A.14.3.D) Lavoro interninale -area sanitaria";134076000.00;"12/07/2011";
"2009";"B02445";"B.2.A.14.3.E) Altre collaborazioni e prestazioni di lavoro -area sanitaria";162701000.00;"12/07/2011";
"2009";"B02450";"B.2.A.14.4) Rimborso oneri stipendiali del personale sanitario in comando";17719000.00;"08/02/2011";
"2009";"B02460";"B.2.A.14.4.B) Rimborso oneri stipendiali personale sanitario in comando da Regioni, Enti Pubblici e da Universita'";16322000.00;"08/02/2011";
"2009";"B02465";"B.2.A.14.4.C) Rimborso oneri stipendiali personale sanitario in comando da aziende di altre Regioni (Extraregione)";1397000.00;"26/01/2011";
"2009";"B02470";"B.2.A.15) Altri servizi sanitari e sociosanitari a rilevanza sanitaria";944242000.00;"12/07/2011";
"2009";"B02475";"B.2.A.15.1)  Altri servizi sanitari e sociosanitari da pubblico V/Asl-AO, IRCCS, Policlinici d/Regione";173000.00;"12/07/2011";
"2009";"B02480";"B.2.A.15.2)  Altri servizi sanitari e sociosanitari da pubblico - Altri enti";89843000.00;"12/07/2011";
"2009";"B02485";"B.2.A.15.3) Altri servizi sanitari e sociosanitari da pubblico (extra Regione)";13417000.00;"12/07/2011";
"2009";"B02490";"B.2.A.15.4)  Altri servizi sanitari da privato";837532000.00;"12/07/2011";
"2009";"B02495";"B.2.A.15.5)  Costi per servizi sanitari - Mobilita' internazionale passiva";3277000.00;"06/09/2010";
"2009";"B02500";"B.2.B) Acquisti di servizi non sanitari";7274342000.00;"12/07/2011";
"2009";"B02505";"B.2.B.1) Servizi non sanitari";6771171000.00;"12/07/2011";
"2009";"B02510";"B.2.B.1.1)   Lavanderia";512728000.00;"12/07/2011";
"2009";"B02515";"B.2.B.1.2)   Pulizia";1155171000.00;"12/07/2011";
"2009";"B02520";"B.2.B.1.3)   Mensa";744155000.00;"12/07/2011";
"2009";"B02525";"B.2.B.1.4)   Riscaldamento";460039000.00;"12/07/2011";
"2009";"B02530";"B.2.B.1.5)   Elaborazione dati";321185000.00;"12/07/2011";
"2009";"B02535";"B.2.B.1.6)   Servizi trasporti (non sanitari)";77970000.00;"12/07/2011";
"2009";"B02540";"B.2.B.1.7)   Smaltimento rifiuti";199391000.00;"12/07/2011";
"2009";"B02545";"B.2.B.1.8)   Utenze telefoniche";249538000.00;"12/07/2011";
"2009";"B02550";"B.2.B.1.9)   Utenze elettricita'";562275000.00;"12/07/2011";
"2009";"B02555";"B.2.B.1.10)   Altre utenze";242362000.00;"12/07/2011";
"2009";"B02560";"B.2.B.1.11)  Premi di assicurazione";642464000.00;"12/07/2011";
"2009";"B02565";"B.2.B.1.11.A)  Premi di assicurazione - R.C. Professionale";502723000.00;"12/07/2011";
"2009";"B02570";"B.2.B.1.11.B)  Premi di assicurazione - Altri premi assicurativi";139741000.00;"12/07/2011";
"2009";"B02575";"B.2.B.1.12) Altri servizi non sanitari";1603893000.00;"12/07/2011";
"2009";"B02585";"B.2.B.1.12.B) Altri servizi non sanitari da pubblico";186295000.00;"12/07/2011";
"2009";"B02590";"B.2.B.1.12.C) Altri servizi non sanitari da privato";1417598000.00;"12/07/2011";
"2009";"B02595";"B.2.B.2)  Consulenze, Collaborazioni,  Interinale e altre prestazioni di lavoro non sanitarie";333167000.00;"12/07/2011";
"2009";"B02600";"B.2.B.2.1) Consulenze non sanitarie  V/Asl-AO, IRCCS, Policlinici della Regione";200000.00;"12/07/2011";
"2009";"B02605";"B.2.B.2.2) Consulenze non sanitarie  da Terzi - Altri enti pubblici";4073000.00;"12/07/2011";
"2009";"B02610";"B.2.B.2.3) Consulenze, Collaborazioni,  Interinale e altre prestazioni di lavoro non sanitarie da privato";319452000.00;"12/07/2011";
"2009";"B02615";"B.2.B.2.3.A) Consulenze non sanitarie da privato";127714000.00;"12/07/2011";
"2009";"B02620";"B.2.B.2.3.B) Collaborazioni coordinate e continuative non sanitarie da privato";49938000.00;"12/07/2011";
"2009";"B02625";"B.2.B.2.3.C) Lavoro interinale -area non sanitaria";90070000.00;"12/07/2011";
"2009";"B02630";"B.2.B.2.3.D) Altre collaborazioni e prestazioni di lavoro -area non sanitaria";51730000.00;"12/07/2011";
"2009";"B02635";"B.2.B.2.4) Rimborso oneri stipendiali del personale non sanitario in comando";9442000.00;"12/07/2011";
"2009";"B02645";"B.2.B.2.4.B) Rimborso oneri stipendiali personale non sanitario in comando da Regioni, Enti Pubblici e da Universita'";9027000.00;"12/07/2011";
"2009";"B02650";"B.2.B.2.4.C) Rimborso oneri stipendiali personale non sanitario in comando da aziende di altre Regioni (Extraregione)";415000.00;"26/01/2011";
"2009";"B02655";"B.2.B.3) Formazione (esternalizzata e non)";170004000.00;"12/07/2011";
"2009";"B02660";"B.2.B.3.1) Formazione (esternalizzata e non) da pubblico";71531000.00;"12/07/2011";
"2009";"B02665";"B.2.B.3.2) Formazione (esternalizzata e non) da privato";98473000.00;"12/07/2011";
"2009";"B03000";"B.3)  Manutenzione e riparazione (ordinaria esternalizzata)";1730357000.00;"12/07/2011";
"2009";"B03005";"B.3.A)  Manutenzione e riparazione agli immobili e loro pertinenze";618263000.00;"12/07/2011";
"2009";"B03010";"B.3.B)  Manutenzione e riparazione ai mobili e macchine";159555000.00;"12/07/2011";
"2009";"B03015";"B.3.C)  Manutenzione e riparazione alle attrezzature tecnico-scientifico sanitarie";741922000.00;"12/07/2011";
"2009";"B03020";"B.3.D)  Manutenzione e riparazione per la manut. di automezzi (sanitari e non)";24575000.00;"12/07/2011";
"2009";"B03025";"B.3.E)  Altre manutenzioni e riparazioni";186042000.00;"12/07/2011";
"2009";"B04000";"B.4)   Godimento di beni di terzi";938392000.00;"12/07/2011";
"2009";"B04005";"B.4.A)  Affitti passivi";211903000.00;"12/07/2011";
"2009";"B04010";"B.4.B)  Canoni di noleggio";573510000.00;"12/07/2011";
"2009";"B04015";"B.4.B.1) Canoni di noleggio - area sanitaria";405417000.00;"12/07/2011";
"2009";"B04020";"B.4.B.2) Canoni di noleggio - area non sanitaria";168093000.00;"12/07/2011";
"2009";"B04025";"B.4.C)  Canoni di leasing";152979000.00;"12/07/2011";
"2009";"B04030";"B.4.C.1) Canoni di leasing - area sanitaria";124478000.00;"12/07/2011";
"2009";"B04035";"B.4.C.2) Canoni di leasing - area non sanitaria";28501000.00;"12/07/2011";
"2009";"B05000";"B.5)   Personale del ruolo sanitario";28549669000.00;"12/07/2011";
"2009";"B05005";"B.5.A) Costo del personale dirigente ruolo sanitario";14370588000.00;"12/07/2011";
"2009";"B05010";"B.5.A.1) Costo del personale dirigente medico";13070554000.00;"12/07/2011";
"2009";"B05015";"B.5.A.2) Costo del personale dirigente non medico";1300034000.00;"12/07/2011";
"2009";"B05020";"B.5.B) Costo del personale comparto ruolo sanitario";14179081000.00;"12/07/2011";
"2009";"B05089";"Totale Costo del personale";35750083000.00;"12/07/2011";
"2009";"B06000";"B.6)   Personale del ruolo professionale";138867000.00;"12/07/2011";
"2009";"B06005";"B.6.A) Costo del personale dirigente ruolo professionale";123764000.00;"12/07/2011";
"2009";"B06010";"B.6.B) Costo del personale comparto ruolo professionale";15103000.00;"12/07/2011";
"2009";"B07000";"B.7)   Personale del ruolo tecnico";4167136000.00;"12/07/2011";
"2009";"B07005";"B.7.A) Costo del personale dirigente ruolo tecnico";106773000.00;"12/07/2011";
"2009";"B07010";"B.7.B) Costo del personale comparto ruolo tecnico";4060363000.00;"12/07/2011";
"2009";"B08000";"B.8)   Personale del ruolo amministrativo";2894411000.00;"12/07/2011";
"2009";"B08005";"B.8.A) Costo del personale dirigente ruolo amministrativo";304108000.00;"12/07/2011";
"2009";"B08010";"B.8.B) Costo del personale comparto ruolo amministrativo";2590303000.00;"12/07/2011";
"2009";"B09000";"B.9)   Oneri diversi di gestione";703086000.00;"12/07/2011";
"2009";"B09005";"B.9.A)  Imposte e tasse (escluso Irap e Ires)";96756000.00;"12/07/2011";
"2009";"B09010";"B.9.B)  Perdite su crediti";492000.00;"01/07/2011";
"2009";"B09015";"B.9.C) Altri oneri diversi di gestione";605838000.00;"12/07/2011";
"2009";"B09020";"B.9.C.1)  Indennita', rimborso spese e oneri sociali per gli Organi Direttivi e Collegio Sindacale";198442000.00;"12/07/2011";
"2009";"B09025";"B.9.C.2)  Altri oneri diversi di gestione";407396000.00;"12/07/2011";
"2009";"B10000";"B.10) Ammortamenti delle immobilizzazioni immateriali";142680000.00;"12/07/2011";
"2009";"B11000";"B.11) Ammortamento dei fabbricati";822171000.00;"12/07/2011";
"2009";"B11005";"B.11.A) Ammortamenti fabbricati non strumentali (disponibili)";31148000.00;"12/07/2011";
"2009";"B11010";"B.11.B) Ammortamenti fabbricati strumentali (indisponibili)";791023000.00;"12/07/2011";
"2009";"B11129";"Totale Ammortamenti delle immobilizzazioni materiali";2138379000.00;"12/07/2011";
"2009";"B12000";"B.12) Ammortamenti delle altre immobilizzazioni materiali";1316208000.00;"12/07/2011";
"2009";"B13000";"B.13) Svalutazione dei crediti";38988000.00;"01/07/2011";
"2009";"B14000";"B.14) Variazione delle rimanenze";-65928000.00;"12/07/2011";
"2009";"B14005";"B.14.A) Variazione rimanenze sanitarie";-71257000.00;"12/07/2011";
"2009";"B14010";"B.14.B) Variazione rimanenze non sanitarie";5329000.00;"12/07/2011";
"2009";"B15000";"B.15) Accantonamenti tipici dell'esercizio";1855522000.00;"12/07/2011";
"2009";"B15005";"B.15.A) Accantonamenti per rischi";580197000.00;"12/07/2011";
"2009";"B15010";"B.15.A.1)  Accantonamenti per cause civili ed oneri processuali";192728000.00;"12/07/2011";
"2009";"B15015";"B.15.A.2)  Accantonamenti per contenzioso personale dipendente";35013000.00;"12/07/2011";
"2009";"B15020";"B.15.A.3) Altri accantonamenti per rischi";352456000.00;"12/07/2011";
"2009";"B15025";"B.15.B) Accantonamenti per premio di operosita'";49854000.00;"12/07/2011";
"2009";"B15030";"B.15.C) Altri accantonamenti";1225471000.00;"12/07/2011";
"2009";"B15035";"B.15.C.1)  Accantonamenti per interessi di mora";68239000.00;"12/07/2011";
"2009";"B15040";"B.15.C.2)  Acc. Rinnovi convenzioni MMG/Pls/MCA ed altri";234792000.00;"12/07/2011";
"2009";"B15045";"B.15.C.3)  Acc. Rinnovi contratt. - dirigenza medica";393712000.00;"12/07/2011";
"2009";"B15050";"B.15.C.4)  Acc. Rinnovi contratt.- dirigenza non medica";46990000.00;"12/07/2011";
"2009";"B15055";"B.15.C.5)  Acc. Rinnovi contratt.: - comparto";18557000.00;"26/01/2011";
"2009";"B15060";"B.15.C.6) Altri accantonamenti";463181000.00;"12/07/2011";
"2009";"B99999";"Totale costi della produzione (B)";112520000000.00;"12/07/2011";
"2009";"C01000";"C.1) Interessi attivi";27762000.00;"12/07/2011";
"2009";"C01005";"C.1.A) Interessi attivi su c/tesoreria";18916000.00;"12/07/2011";
"2009";"C01010";"C.1.B) Interessi attivi su c/c postali e bancari";6531000.00;"12/07/2011";
"2009";"C01015";"C.1.C) Altri interessi attivi";2315000.00;"12/07/2011";
"2009";"C02000";"C.2) Altri proventi";4846000.00;"01/07/2011";
"2009";"C02005";"C.2.A) Proventi da partecipazioni";1125000.00;"16/11/2010";
"2009";"C02010";"C.2.B) Proventi finanziari da crediti iscritti nelle immobilizzazioni";13000.00;"01/07/2011";
"2009";"C02015";"C.2.C) Proventi finanziari da titoli iscritti nelle immobilizzazioni";211000.00;"01/07/2011";
"2009";"C02020";"C.2.D) Altri proventi finanziari diversi dai precedenti";3494000.00;"01/07/2011";
"2009";"C02025";"C.2.E) Utili su cambi";3000.00;"01/07/2011";
"2009";"C03000";"C.3)  Interessi passivi";513632000.00;"12/07/2011";
"2009";"C03005";"C.3.A) Interessi passivi su c/c tesoreria";69513000.00;"12/07/2011";
"2009";"C03010";"C.3.B) Interessi passivi su mutui";85678000.00;"12/07/2011";
"2009";"C03015";"C.3.C) Altri interessi passivi";358441000.00;"12/07/2011";
"2009";"C04000";"C.4)  Altri oneri";24820000.00;"12/07/2011";
"2009";"C04005";"C.4.A) Altri oneri finanziari";24800000.00;"12/07/2011";
"2009";"C04010";"C.4.B) Perdite su cambi";20000.00;"01/07/2011";
"2009";"C99999";"Totale proventi e oneri finanziari (C)";-505844000.00;"12/07/2011";
"2009";"D01000";"D.1)  Rivalutazioni";1889000.00;"01/07/2011";
"2009";"D02000";"D.2)  Svalutazioni";2000000.00;"26/01/2011";
"2009";"D99999";"Totale rettifiche di valore di attivita' finanziarie (D)";-111000.00;"01/07/2011";
"2009";"E01000";"E.1) Proventi straordinari";959822000.00;"12/07/2011";
"2009";"E01005";"E.1.A) Plusvalenze";50997000.00;"01/07/2011";
"2009";"E01010";"E.1.B) Altri proventi straordinari";908825000.00;"12/07/2011";
"2009";"E01015";"E.1.B.1) Proventi da donazioni e liberalita' diverse";13227000.00;"12/07/2011";
"2009";"E01020";"E.1.B.2) Sopravvenienze attive";530630000.00;"12/07/2011";
"2009";"E01025";"E.1.B.2.1) Sopravvenienze Attive v/Asl-AO, IRCCS, Policlinici";1788000.00;"12/07/2011";
"2009";"E01030";"E.1.B.2.2) Sopravvenienze Attive v/terzi";528842000.00;"12/07/2011";
"2009";"E01035";"E.1.B.2.2.A) Sopravvenienze attive v/terzi relative alla mobilita' extraregionale";15298000.00;"26/01/2011";
"2009";"E01040";"E.1.B.2.2.B) Sopravvenienze attive v/terzi relative al personale";76873000.00;"12/07/2011";
"2009";"E01045";"E.1.B.2.2.C) Sopravvenienze attive v/terzi relative alle convenzioni con medici di base";7885000.00;"08/02/2011";
"2009";"E01050";"E.1.B.2.2.D) Sopravvenienze attive v/terzi relative alle convenzioni per la specialistica";6999000.00;"12/07/2011";
"2009";"E01055";"E.1.B.2.2.E) Sopravvenienze attive v/terzi relative all'acquisto prestaz. Sanitarie da operatori accreditati";28370000.00;"12/07/2011";
"2009";"E01060";"E.1.B.2.2.F) Sopravvenienze attive v/terzi relative all'acquisto di beni e servizi";126000000.00;"12/07/2011";
"2009";"E01065";"E.1.B.2.2.G) Altre sopravvenienze attive v/terzi";267417000.00;"12/07/2011";
"2009";"E01070";"E.1.B.3) Insussistenze attive";347426000.00;"12/07/2011";
"2009";"E01080";"E.1.B.3.2) Insussistenze Attive v/terzi";347426000.00;"12/07/2011";
"2009";"E01085";"E.1.B.3.2.A) Insussistenze attive v/terzi relative alla mobilita' extraregionale";4089000.00;"22/09/2010";
"2009";"E01090";"E.1.B.3.2.B) Insussistenze attive v/terzi relative al personale";74942000.00;"01/07/2011";
"2009";"E01095";"E.1.B.3.2.C) Insussistenze attive v/terzi relative alle convenzioni con medici di base";13214000.00;"08/02/2011";
"2009";"E01100";"E.1.B.3.2.D) Insussistenze attive v/terzi relative alle convenzioni per la specialistica";5669000.00;"08/02/2011";
"2009";"E01105";"E.1.B.3.2.E) Insussistenze attive v/terzi relative all'acquisto prestaz. Sanitarie da operatori accreditati";17590000.00;"12/07/2011";
"2009";"E01110";"E.1.B.3.2.F) Insussistenze attive v/terzi relative all'acquisto di beni e servizi";94290000.00;"12/07/2011";
"2009";"E01115";"E.1.B.3.2.G) Altre Insussistenze attive v/terzi";137632000.00;"12/07/2011";
"2009";"E01120";"E.1.B.4) Altri proventi straordinari";17542000.00;"12/07/2011";
"2009";"E02000";"E.2) Oneri straordinari";1386146000.00;"12/07/2011";
"2009";"E02005";"E.2.A) Minusvalenze";21281000.00;"12/07/2011";
"2009";"E02010";"E.2.B) Altri oneri straordinari";1364865000.00;"12/07/2011";
"2009";"E02015";"E.2.B.1) Oneri tributari da esercizi precedenti";8839000.00;"01/07/2011";
"2009";"E02020";"E.2.B.2) Oneri da cause civili";51906000.00;"01/07/2011";
"2009";"E02025";"E.2.B.3) Sopravvenienze passive";1109890000.00;"12/07/2011";
"2009";"E02030";"E.2.B.3.1) Sopravvenienze passive v/Asl-AO, IRCCS, Policlinici";20000.00;"12/07/2011";
"2009";"E02035";"E.2.B.3.1.A) Sopravvenienze passive v/Asl-Ao,Irccs,Pol. relative alla mobilita' intraregionale";15000.00;"12/07/2011";
"2009";"E02040";"E.2.B.3.1.B) Altre sopravvenienze passive v/Asl-Ao,Irccs,Pol.";5000.00;"12/07/2011";
"2009";"E02045";"E.2.B.3.2) Sopravvenienze passive v/terzi";1109870000.00;"12/07/2011";
"2009";"E02050";"E.2.B.3.2.A) Sopravvenienze passive v/terzi relative alla mobilita' extraregionale";53479000.00;"26/01/2011";
"2009";"E02055";"E.2.B.3.2.B) Sopravvenienze passive v/terzi relative al personale";149405000.00;"12/07/2011";
"2009";"E02060";"E.2.B.3.2.B.1) Soprav. passive v/terzi relative al personale - dirigenza medica";72049000.00;"12/07/2011";
"2009";"E02065";"E.2.B.3.2.B.2) Soprav. passive v/terzi relative al personale - dirigenza non medica";11485000.00;"12/07/2011";
"2009";"E02070";"E.2.B.3.2.B.3) Soprav. passive v/terzi relative al personale - comparto";65871000.00;"12/07/2011";
"2009";"E02075";"E.2.B.3.2.C) Sopravvenienze passive v/terzi relative alle convenzioni con medici di base";41220000.00;"12/07/2011";
"2009";"E02080";"E.2.B.3.2.D) Sopravvenienze passive v/terzi relative alle convenzioni per la specialistica";19920000.00;"12/07/2011";
"2009";"E02085";"E.2.B.3.2.E) Sopravvenienze passive v/terzi relative all'acquisto prestaz. sanitarie da operatori accreditati";116504000.00;"12/07/2011";
"2009";"E02090";"E.2.B.3.2.F) Sopravvenienze passive v/terzi relative all'acquisto di beni e servizi";343746000.00;"12/07/2011";
"2009";"E02095";"E.2.B.3.2.G) Altre sopravvenienze passive v/terzi";385596000.00;"12/07/2011";
"2009";"E02100";"E.2.B.4) Insussistenze passive";180544000.00;"12/07/2011";
"2009";"E02105";"E.2.B.4.1) Insussistenze passive v/Asl-AO, IRCCS, Policlinici";1000.00;"12/07/2011";
"2009";"E02110";"E.2.B.4.2) Insussistenze passive v/terzi";180543000.00;"12/07/2011";
"2009";"E02115";"E.2.B.4.2.A) Insussistenze passive v/terzi relative alla mobilita' extraregionale";6338000.00;"08/02/2011";
"2009";"E02120";"E.2.B.4.2.B) Insussistenze passive v/terzi relative al personale";442000.00;"08/02/2011";
"2009";"E02125";"E.2.B.4.2.C) Insussistenze passive v/terzi relative alle convenzioni con medici di base";344000.00;"21/12/2010";
"2009";"E02130";"E.2.B.4.2.D) Insussistenze passive v/terzi relative alle convenzioni per la specialistica";1678000.00;"12/07/2011";
"2009";"E02135";"E.2.B.4.2.E) Insussistenze passive v/terzi relative all'acquisto prestaz. sanitarie da operatori accreditati";5720000.00;"26/01/2011";
"2009";"E02140";"E.2.B.4.2.F) Insussistenze passive v/terzi relative all'acquisto di beni e servizi";20299000.00;"12/07/2011";
"2009";"E02145";"E.2.B.4.2.G) Altre Insussistenze passive v/terzi";145722000.00;"12/07/2011";
"2009";"E02150";"E.2.B.5) Altri oneri straordinari";13686000.00;"12/07/2011";
"2009";"E99999";"Totale proventi e oneri straordinari (E)";-426324000.00;"12/07/2011";
"2009";"X01000";"Risultato prima delle imposte (A - B +/- C +/- D +/- E)";-1430206000.00;"12/07/2011";
"2009";"Y01000";"Y.1) IRAP";2599101000.00;"12/07/2011";
"2009";"Y01005";"Y.1.A) IRAP relativa a personale dipendente";2394932000.00;"12/07/2011";
"2009";"Y01010";"Y.1.B) IRAP relativa a collaboratori e personale assimilato a lavoro dipendente";129105000.00;"12/07/2011";
"2009";"Y01015";"Y.1.C) IRAP relativa ad attivita' di libera professione (intramoenia)";70960000.00;"12/07/2011";
"2009";"Y01020";"Y.1.D) IRAP relativa ad attivita' commerciali";4104000.00;"08/02/2011";
"2009";"Y02000";"Y.2) IRES";39329000.00;"12/07/2011";
"2009";"Y02005";"Y.2.A) IRES su attivita' istituzionale";31586000.00;"12/07/2011";
"2009";"Y02010";"Y.2.B) IRES su attivita' commerciale";7743000.00;"12/07/2011";
"2009";"Y03000";"Y.3) Accantonamento a F.do Imposte (Accertamenti, condoni, ecc.)";4798000.00;"12/07/2011";
"2009";"Y99999";"Totale imposte e tasse";2643228000.00;"12/07/2011";
"2009";"Z99999";"RISULTATO DI ESERCIZIO";-4073434000.00;"12/07/2011";
"2010";"A01000";"A.1)  Contributi in c/esercizio";104983000000.00;"31/07/2013";
"2010";"A01005";"A.1.A)  Contributi da Regione e Prov. Aut. per quota F.S. regionale";103140000000.00;"31/07/2013";
"2010";"A01010";"A.1.A.1)  da Regione e Prov. Aut. per quota F.S. regionale indistinto";101070000000.00;"31/07/2013";
"2010";"A01015";"A.1.A.2)  da Regione e Prov. Aut. per quota F.S. vincolato";2070051000.00;"31/07/2013";
"2010";"A01020";"A.1.B)  Contributi c/esercizio da enti pubblici  (EXTRA FONDO)";1782383000.00;"31/07/2013";
"2010";"A01025";"A.1.B.1)  da enti pubblici (extra fondo) vincolati";868057000.00;"31/07/2013";
"2010";"A01030";"A.1.B.1.1)  Contributi da Regione (extra fondo) vincolati";578354000.00;"31/07/2013";
"2010";"A01035";"A.1.B.1.2)  Contributi da altri enti pubblici (extra fondo) vincolati";151571000.00;"31/07/2013";
"2010";"A01040";"A.1.B.1.3)  Contributi da Asl/Ao/Irccs/Policlinici  (extra fondo) vincolati";17000.00;"19/03/2012";
"2010";"A01045";"A.1.B.1.4)  Contributi in conto esercizio per ricerca corrente";108962000.00;"07/04/2012";
"2010";"A01050";"A.1.B.1.5)  Contributi in conto esercizio per ricerca finalizzata";29153000.00;"31/07/2013";
"2010";"A01055";"A.1.B.2)  da enti pubblici (extra fondo) - Altro";914326000.00;"31/07/2013";
"2010";"A01060";"A.1.B.2.1)  Contributi da Regione (extra fondo)  - Altro";872122000.00;"31/07/2013";
"2010";"A01065";"A.1.B.2.2)  Contributi da altri enti pubblici (extra fondo) - Altro";42189000.00;"07/04/2012";
"2010";"A01070";"A.1.B.2.3)  Contributi da Asl/Ao/Irccs/Policlinici  (extra fondo) - Altro";15000.00;"31/07/2013";
"2010";"A01075";"A.1.C)  Contributi c/esercizio da enti privati";60785000.00;"31/07/2013";
"2010";"A02000";"A.2)   Proventi e ricavi diversi";5626576000.00;"31/07/2013";
"2010";"A02005";"A.2.A)  Ricavi per prestazioni sanitarie e sociosanitarie a rilevanza sanitaria";5313813000.00;"31/07/2013";
"2010";"A02010";"A.2.A.1)  Ricavi per prestazioni sanitarie e sociosanitarie erogate a soggetti pubblici";2465295000.00;"31/07/2013";
"2010";"A02015";"A.2.A.1.1)  Ricavi per prestaz. sanitarie  e sociosanitarie erogate ad  ASL, A.O., IRCCS e Policlinici della Regione";5205000.00;"19/03/2012";
"2010";"A02025";"A.2.A.1.1.B) Prestazioni di specialistica ambulatoriale";7000.00;"19/03/2012";
"2010";"A02030";"A.2.A.1.1.C) Prestazioni di psichiatria residenziale e semiresidenziale";4676000.00;"26/01/2012";
"2010";"A02040";"A.2.A.1.1.E) Altre prestazioni sanitarie e sociosanitarie";522000.00;"19/03/2012";
"2010";"A02065";"A.2.A.1.1.E.5) Altre prestazioni sanitarie e socio-sanitarie";522000.00;"19/03/2012";
"2010";"A02070";"A.2.A.1.2)   Ricavi per prestaz. sanitarie  e sociosanitarie  erogate ad altri soggetti pubblici";106348000.00;"31/07/2013";
"2010";"A02075";"A.2.A.1.3)   Ricavi per prestaz. sanitarie e sociosanitarie erogate a soggetti pubblici extra Regione";2353742000.00;"31/07/2013";
"2010";"A02080";"A.2.A.1.3.A) Prestazioni di ricovero";1693919000.00;"31/07/2013";
"2010";"A02085";"A.2.A.1.3.B) Prestazioni ambulatoriali";308036000.00;"31/07/2013";
"2010";"A02090";"A.2.A.1.3.C) Prestazioni di psichiatria non soggetta a compensazione (resid. e semiresid.)";2321000.00;"07/04/2012";
"2010";"A02095";"A.2.A.1.3.D) Prestazioni di File F";123658000.00;"31/07/2013";
"2010";"A02100";"A.2.A.1.3.E) Altre prestazioni sanitarie soggette a compensazione Extraregione";169339000.00;"31/07/2013";
"2010";"A02105";"A.2.A.1.3.E.1) Prestazioni servizi MMG, PLS, Contin. assistenziale Extraregione";19840000.00;"31/07/2013";
"2010";"A02110";"A.2.A.1.3.E.2) Prestazioni servizi farmaceutica conv enzionata Extraregione";77565000.00;"31/07/2013";
"2010";"A02115";"A.2.A.1.3.E.3) Prestazioni termali Extraregione";31448000.00;"31/07/2013";
"2010";"A02120";"A.2.A.1.3.E.4) Prestazioni trasporto ambulanze ed elisoccorso Extraregione";13570000.00;"31/07/2013";
"2010";"A02125";"A.2.A.1.3.E.5) Altre prestazioni sanitarie  Extraregione";26916000.00;"07/04/2012";
"2010";"A02130";"A.2.A.1.3.F) Altre prestazioni sanitarie e sociosanitarie non soggette a compensazione Extraregione";40851000.00;"31/07/2013";
"2010";"A02135";"A.2.A.1.3.F.1) Prestazioni di assistenza riabilitativa non soggetta a compensazione Extraregione";102000.00;"31/07/2013";
"2010";"A02140";"A.2.A.1.3.F.2) Altre prestazioni sanitarie e socio-sanitarie non soggetta a compenzazione Extraregione";40749000.00;"31/07/2013";
"2010";"A02145";"A.2.A.1.3.G) Altre prestazioni sanitarie - Mobilita' attiva Internazionale";15618000.00;"04/11/2011";
"2010";"A02150";"A.2.A.2)  Ricavi per prestazioni sanitarie erogate da soggetti privati v/ residenti extraregione in compensazione (mobilita' attiva)";1030187000.00;"31/07/2013";
"2010";"A02155";"A.2.A.2.1)  Prestazioni di ricovero da priv. extraregione in compensazione (mobilita' attiva)";901536000.00;"31/07/2013";
"2010";"A02160";"A.2.A.2.2)  Prestazioni ambulatoriali da priv. extraregione in compensazione  (mobilita' attiva)";89171000.00;"31/07/2013";
"2010";"A02165";"A.2.A.2.3)  Prestazioni di File F da priv. extraregione in compensazione (mobilita' attiva)";23918000.00;"07/04/2012";
"2010";"A02170";"A.2.A.2.4)  Altre prestazioni sanitarie erogate da privati v/residenti extraregione in compensazione (mobilita' attiva)";15562000.00;"31/07/2013";
"2010";"A02175";"A.2.A.3)  Ricavi per prestazioni sanitarie erogate a soggetti privati";553705000.00;"31/07/2013";
"2010";"A02180";"A.2.A.4)  Ricavi per prestazioni sanitarie erogate in regime di intramoenia";1264626000.00;"31/07/2013";
"2010";"A02185";"A.2.A.4.1)  Ricavi per prestazioni sanitarie intramoenia - Area ospedaliera";335738000.00;"31/07/2013";
"2010";"A02190";"A.2.A.4.2)  Ricavi per prestazioni sanitarie intramoenia - Area specialistica";756692000.00;"31/07/2013";
"2010";"A02195";"A.2.A.4.3)  Ricavi per prestazioni sanitarie intramoenia - Area sanita' pubblica";13741000.00;"31/07/2013";
"2010";"A02200";"A.2.A.4.4)  Ricavi per prestazioni sanitarie intramoenia - Consulenze (ex art. 55 c.1 lett. c), d) ed ex Art. 57-58)";106358000.00;"31/07/2013";
"2010";"A02205";"A.2.A.4.5)  Ricavi per prestazioni sanitarie intramoenia - Consulenze (ex art. 55 c.1 lett. c), d) ed ex Art. 57-58) (Asl - Ao,Irccs e Policlinici  della Regione)";255000.00;"19/03/2012";
"2010";"A02210";"A.2.A.4.6)  Ricavi per prestazioni sanitarie intramoenia - Altro";51838000.00;"31/07/2013";
"2010";"A02215";"A.2.A.4.7)  Ricavi per prestazioni sanitarie intramoenia - Altro (Asl - Ao, Irccs e Policlinici  della Regione)";4000.00;"19/03/2012";
"2010";"A02220";"A.2.B) Ricavi per prestazioni non sanitarie";97403000.00;"31/07/2013";
"2010";"A02225";"A.2.C) Altri proventi";215360000.00;"31/07/2013";
"2010";"A02230";"A.2.C.1)  Proventi non sanitari";83862000.00;"31/07/2013";
"2010";"A02235";"A.2.C.1.1) Affitti attivi ed altri proventi da attivita' immobiliari";54657000.00;"31/07/2013";
"2010";"A02239";"A.2.C.1.2) Altro";29205000.00;"31/07/2013";
"2010";"A02240";"A.2.C.2) Altri proventi diversi";131498000.00;"31/07/2013";
"2010";"A03000";"A.3)  Concorsi, recuperi e rimborsi per attivita' tipiche";916053000.00;"31/07/2013";
"2010";"A03005";"A.3.A) Rimborsi assicurativi";23812000.00;"31/07/2013";
"2010";"A03010";"A.3.B) Altri concorsi, recuperi e rimborsi per attivita' tipiche";892241000.00;"31/07/2013";
"2010";"A03015";"A.3.B.1) Concorsi, recuperi e rimborsi v/Asl-AO, IRCCS, Policlinici della Regione";5832000.00;"19/03/2012";
"2010";"A03020";"A.3.B.1.1) Rimborso degli oneri stipendiali del personale dipendente dell' azienda in posizione di comando in Asl-AO, IRCCS, Policlinici della Regione";5400000.00;"19/03/2012";
"2010";"A03025";"A.3.B.1.2) Rimborsi per acquisto beni da parte di  Asl-AO, IRCCS, Policlinici della Regione";132000.00;"26/01/2012";
"2010";"A03030";"A.3.B.1.3) Altri concorsi, recuperi e rimborsi per attivita' tipiche da parte di Asl-AO , IRCCS, Policlinici della Regione";300000.00;"19/03/2012";
"2010";"A03035";"A.3.B.2) Concorsi, recuperi e rimborsi v/altri Enti Pubblici";238379000.00;"31/07/2013";
"2010";"A03040";"A.3.B.2.1) Rimborso degli oneri stipendiali del personale  dipendente dell'azienda in posizione di comando v/altri Enti Pubblici";79952000.00;"31/07/2013";
"2010";"A03045";"A.3.B.2.2) Rimborsi per acquisto beni v/altri Enti Pubblici";27404000.00;"07/04/2012";
"2010";"A03050";"A.3.B.2.3) Altri concorsi, recuperi e rimborsi per attivita' tipiche v/Altri Enti Pubblici";131023000.00;"31/07/2013";
"2010";"A03055";"A.3.B.3) Concorsi, recuperi e rimborsi v/Regione";4537000.00;"19/03/2012";
"2010";"A03060";"A.3.B.3.1) Rimborso degli oneri stipendiali del personale dell'azienda in posizione di comando v/Regione";4527000.00;"19/03/2012";
"2010";"A03065";"A.3.B.3.2) Altri concorsi, recuperi e rimborsi per attivita' tipiche v/Regione";10000.00;"13/07/2011";
"2010";"A03070";"A.3.B.4) Concorsi, recuperi e rimborsi v/privati";643493000.00;"31/07/2013";
"2010";"A03075";"A.3.B.4.1) Rimborso da Aziende Farmaceutiche per Pay Back";314050000.00;"31/07/2013";
"2010";"A03080";"A.3.B.4.2) Altri concorsi, recuperi e rimborsi verso privati";329443000.00;"31/07/2013";
"2010";"A04000";"A.4) Compartecipazione alla spesa per prestazioni sanitarie (ticket)";1223921000.00;"31/07/2013";
"2010";"A04005";"A.4.A) Compartecipazione alla spesa per prestazioni sanitarie - Ticket sulle prestazioni di specialistica ambulatoriale";1102990000.00;"31/07/2013";
"2010";"A04010";"A.4.B) Compartecipazione alla spesa per prestazioni sanitarie - Ticket sul pronto soccorso";24037000.00;"31/07/2013";
"2010";"A04015";"A.4.C) Compartecipazione alla spesa per prestazioni sanitarie (ticket)- Altro";96894000.00;"31/07/2013";
"2010";"A05000";"A.5)  Costi capitalizzati";1491065000.00;"31/07/2013";
"2010";"A05005";"A.5.A)  Costi capitalizzati da utilizzo finanziamenti per investimenti (Costi Sterilizzati)";1470262000.00;"31/07/2013";
"2010";"A05010";"A.5.A.1) Costi capitalizzati da utilizzo finanziamenti per investimenti da Regione";1250455000.00;"31/07/2013";
"2010";"A05015";"A.5.A.2) Costi capitalizzati da utilizzo finanziamenti per investimenti dallo Stato";75321000.00;"31/07/2013";
"2010";"A05020";"A.5.A.3) Costi capitalizzati da utilizzo altre poste del patrimonio netto";144486000.00;"31/07/2013";
"2010";"A05025";"A.5.B)  Costi capitalizzati per costi sostenuti in economia";20803000.00;"07/04/2012";
"2010";"A99999";"Totale valore della produzione (A)";114240000000.00;"31/07/2013";
"2010";"B01000";"B.1)  Acquisti di beni";14802677000.00;"31/07/2013";
"2010";"B01005";"B.1.A)  Acquisti di beni sanitari";14091044000.00;"31/07/2013";
"2010";"B01010";"B.1.A.1)  Prodotti farmaceutici ed emoderivati";7269069000.00;"31/07/2013";
"2010";"B01015";"B.1.A.2)  Ossigeno";162836000.00;"31/07/2013";
"2010";"B01020";"B.1.A.3)  Prodotti dietetici";68926000.00;"31/07/2013";
"2010";"B01025";"B.1.A.4)  Materiali per la profilassi (vaccini)";260945000.00;"31/07/2013";
"2010";"B01030";"B.1.A.5)  Materiali diagnostici prodotti chimici";1510874000.00;"31/07/2013";
"2010";"B01035";"B.1.A.6)  Materiali diagnostici, lastre RX, mezzi di contrasto per RX, carta per ECG, ECG, etc.";213971000.00;"31/07/2013";
"2010";"B01040";"B.1.A.7)   Presidi chirurgici e materiali sanitari";2696817000.00;"31/07/2013";
"2010";"B01045";"B.1.A.8)  Materiali protesici";1460588000.00;"31/07/2013";
"2010";"B01050";"B.1.A.9)  Materiali per emodialisi";295816000.00;"31/07/2013";
"2010";"B01055";"B.1.A.10)  Materiali e Prodotti per uso veterinario";6618000.00;"31/07/2013";
"2010";"B01060";"B.1.A.11)  Altri beni e prodotti sanitari";144584000.00;"31/07/2013";
"2010";"B01070";"B.1.B)  Acquisti di beni non sanitari";711633000.00;"31/07/2013";
"2010";"B01075";"B.1.B.1)  Prodotti alimentari";93487000.00;"31/07/2013";
"2010";"B01080";"B.1.B.2)  Materiali di guardaroba, di pulizia e di convivenza in genere";106117000.00;"31/07/2013";
"2010";"B01085";"B.1.B.3)  Combustibili, carburanti e lubrificanti";149763000.00;"31/07/2013";
"2010";"B01090";"B.1.B.4)  Supporti informatici e cancelleria";161618000.00;"31/07/2013";
"2010";"B01095";"B.1.B.5)  Materiale per la manutenzione";83412000.00;"31/07/2013";
"2010";"B01100";"B.1.B.6)  Altri beni non sanitari";117236000.00;"31/07/2013";
"2010";"B02000";"B.2)  Acquisti di servizi";56402428000.00;"31/07/2013";
"2010";"B02005";"B.2.A)   Acquisti servizi sanitari";48915455000.00;"31/07/2013";
"2010";"B02010";"B.2.A.1)   Acquisti servizi sanitari per medicina di base";6556663000.00;"31/07/2013";
"2010";"B02015";"B.2.A.1.1) - da convenzione";6540727000.00;"31/07/2013";
"2010";"B02020";"B.2.A.1.1.A) Spese per assistenza MMG";4507935000.00;"31/07/2013";
"2010";"B02025";"B.2.A.1.1.B) Spese per assistenza PLS";1061974000.00;"31/07/2013";
"2010";"B02030";"B.2.A.1.1.C) Spese per assistenza Continuita' assistenziale";692335000.00;"31/07/2013";
"2010";"B02035";"B.2.A.1.1.D) Altro (medicina dei servizi, psicologi, medici 118, ecc)";278483000.00;"31/07/2013";
"2010";"B02040";"B.2.A.1.2) - da pubblico (Asl-AO, IRCCS, Policlinici della Regione) - Mobilita' intraregionale";113000.00;"19/03/2012";
"2010";"B02045";"B.2.A.1.3) - da pubblico Mobilita' ( Extra Regione)";15823000.00;"31/07/2013";
"2010";"B02050";"B.2.A.2)   Acquisti servizi sanitari per farmaceutica";11291353000.00;"31/07/2013";
"2010";"B02055";"B.2.A.2.1) - da convenzione";11226609000.00;"31/07/2013";
"2010";"B02065";"B.2.A.2.3) - da pubblico ( extra Regione)";64744000.00;"31/07/2013";
"2010";"B02070";"B.2.A.3)   Acquisti servizi sanitari per assistenza specialistica ambulatoriale";4863937000.00;"31/07/2013";
"2010";"B02075";"B.2.A.3.1)  - da pubblico (Asl-AO, IRCCS, Policlinici della Regione)-  Mobilita' intraregionale";69000.00;"19/03/2012";
"2010";"B02080";"B.2.A.3.2)  - da pubblico (altri soggetti pubbl. della Regione)";26012000.00;"31/07/2013";
"2010";"B02085";"B.2.A.3.3)  - da pubblico (extra Regione)";359536000.00;"31/07/2013";
"2010";"B02090";"B.2.A.3.4)  - da privato - Medici SUMAI";955381000.00;"31/07/2013";
"2010";"B02095";"B.2.A.3.5)  - da privato";3424850000.00;"31/07/2013";
"2010";"B02100";"B.2.A.3.5.A) Servizi sanitari per assistenza specialistica da IRCCS Privati e Policl.privati";362109000.00;"07/04/2012";
"2010";"B02105";"B.2.A.3.5.B) Servizi sanitari per assistenza specialistica da Ospedali Classificati privati";258624000.00;"26/01/2012";
"2010";"B02110";"B.2.A.3.5.C) Servizi sanitari per assistenza specialistica da Case di Cura Private";882463000.00;"31/07/2013";
"2010";"B02115";"B.2.A.3.5.D) Servizi sanitari per assistenza specialistica da altri soggetti privati";1921654000.00;"31/07/2013";
"2010";"B02120";"B.2.A.3.6)  - da privato per cittadini non residenti - extraregione (mobilita' attiva in compensazione)";98089000.00;"31/07/2013";
"2010";"B02125";"B.2.A.4)   Acquisti servizi sanitari per assistenza riabilitativa";1970534000.00;"31/07/2013";
"2010";"B02135";"B.2.A.4.2)  - da pubblico (altri soggetti pubbl. della Regione)";87103000.00;"07/04/2012";
"2010";"B02140";"B.2.A.4.3)  - da pubblico (extra Regione) non soggetto a compensazione";770000.00;"31/07/2013";
"2010";"B02145";"B.2.A.4.4)  - da privato (intraregionale ed extraregionale)";1882661000.00;"31/07/2013";
"2010";"B02150";"B.2.A.5)   Acquisti servizi sanitari per assistenza integrativa e protesica";1915916000.00;"31/07/2013";
"2010";"B02160";"B.2.A.5.2)  - da pubblico (altri soggetti pubbl. della Regione)";9264000.00;"07/04/2012";
"2010";"B02165";"B.2.A.5.3)  - da pubblico (extra Regione)";1119000.00;"07/04/2012";
"2010";"B02170";"B.2.A.5.4)  - da privato";1905533000.00;"31/07/2013";
"2010";"B02175";"B.2.A.6)   Acquisti servizi sanitari per assistenza ospedaliera";11190433000.00;"31/07/2013";
"2010";"B02180";"B.2.A.6.1)  - da pubblico (Asl-AO, IRCCS, Policlinici della Regione)-  Mobilita' intraregionale";152000.00;"13/07/2011";
"2010";"B02185";"B.2.A.6.2)  - da pubblico (altri soggetti pubbl. della Regione)";281084000.00;"07/04/2012";
"2010";"B02190";"B.2.A.6.3)  - da pubblico (extra Regione)";2340973000.00;"31/07/2013";
"2010";"B02195";"B.2.A.6.4)  - da privato";7613121000.00;"31/07/2013";
"2010";"B02200";"B.2.A.6.4.A) Servizi sanitari per assistenza ospedaliera da IRCCS Privati e Policlinici privati";1495812000.00;"07/04/2012";
"2010";"B02205";"B.2.A.6.4.B) Servizi sanitari per assistenza ospedaliera da Ospedali Classificati privati";1119334000.00;"07/04/2012";
"2010";"B02210";"B.2.A.6.4.C) Servizi sanitari per assistenza ospedaliera da Case di Cura Private";4667134000.00;"31/07/2013";
"2010";"B02215";"B.2.A.6.4.D) Servizi sanitari per assistenza ospedaliera da altri soggetti privati";330841000.00;"31/07/2013";
"2010";"B02220";"B.2.A.6.5)  - da privato per cittadini non residenti - extraregione (mobilita' attiva in compensazione)";955103000.00;"31/07/2013";
"2010";"B02225";"B.2.A.7)   Acquisto prestazioni di psichiatria residenziale e semiresidenziale";883068000.00;"31/07/2013";
"2010";"B02235";"B.2.A.7.2)  - da pubblico (altri soggetti pubbl. della Regione)";14665000.00;"31/07/2013";
"2010";"B02240";"B.2.A.7.3)  - da pubblico (extra Regione) - non soggette a compensazione";460000.00;"19/03/2012";
"2010";"B02245";"B.2.A.7.4)  - da privato(intraregionale ed extraregionale)";867943000.00;"31/07/2013";
"2010";"B02250";"B.2.A.8)   Acquisto prestazioni di distribuzione farmaci e File F";467430000.00;"31/07/2013";
"2010";"B02255";"B.2.A.8.1)  - da pubblico (Asl-AO, IRCCS, Policlinici della Regione)-  Mobilita' intraregionale";973000.00;"24/08/2011";
"2010";"B02260";"B.2.A.8.2) - da pubblico (altri soggetti pubbl. della Regione)";9454000.00;"07/04/2012";
"2010";"B02265";"B.2.A.8.3) - da pubblico (extra Regione)";123095000.00;"31/07/2013";
"2010";"B02270";"B.2.A.8.4) - da privato";313070000.00;"07/04/2012";
"2010";"B02275";"B.2.A.8.5) - da privato per cittadini non residenti - extraregione (mobilita' attiva in compensazione)";20838000.00;"26/01/2012";
"2010";"B02280";"B.2.A.9)   Acquisto prestazioni termali in convenzione";191431000.00;"31/07/2013";
"2010";"B02290";"B.2.A.9.2) - da pubblico (altri soggetti pubbl. della Regione)";1027000.00;"04/08/2011";
"2010";"B02295";"B.2.A.9.3) - da pubblico (extra Regione)";49215000.00;"31/07/2013";
"2010";"B02300";"B.2.A.9.4) - da privato";121193000.00;"31/07/2013";
"2010";"B02305";"B.2.A.9.5) - da privato  per cittadini non residenti - extraregione (mobilita' attiva in compensazione)";19996000.00;"31/07/2013";
"2010";"B02310";"B.2.A.10)   Acquisto prestazioni trasporto sanitari";849739000.00;"31/07/2013";
"2010";"B02320";"B.2.A.10.2) - da pubblico (altri soggetti pubbl. della Regione)";65822000.00;"07/04/2012";
"2010";"B02325";"B.2.A.10.3) - da pubblico (extra Regione)";17265000.00;"31/07/2013";
"2010";"B02330";"B.2.A.10.4) - da privato";766652000.00;"31/07/2013";
"2010";"B02335";"B.2.A.11)   Acquisto prestazioni Socio-Sanitarie a rilevanza sanitaria";4089593000.00;"31/07/2013";
"2010";"B02340";"B.2.A.11.1)  - da pubblico (Asl-AO, IRCCS, Policlinici della Regione) -  Mobilita' intraregionale";400000.00;"19/03/2012";
"2010";"B02345";"B.2.A.11.2)  - da pubblico (altri enti pubblici)";818925000.00;"31/07/2013";
"2010";"B02350";"B.2.A.11.3) - da pubblico (extra Regione) non soggette a compensazione";2770000.00;"31/07/2013";
"2010";"B02355";"B.2.A.11.4) - da privato (intraregionale ed extraregionale)";3267498000.00;"31/07/2013";
"2010";"B02360";"B.2.A.12)  Compartecipazione al personale per att. Libero-prof. (intramoenia)";1100488000.00;"31/07/2013";
"2010";"B02365";"B.2.A.13)  Rimborsi, assegni e contributi sanitari";1192537000.00;"31/07/2013";
"2010";"B02370";"B.2.A.13.1)  Contributi ad associazioni di volontariato";51274000.00;"31/07/2013";
"2010";"B02375";"B.2.A.13.2)  Rimborsi per cure all'estero";24207000.00;"31/07/2013";
"2010";"B02380";"B.2.A.13.3)  Contributi per ARPA";391564000.00;"31/07/2013";
"2010";"B02385";"B.2.A.13.4)  Contributi per Agenzie Regionali";51465000.00;"31/07/2013";
"2010";"B02390";"B.2.A.13.5)  Contributo Legge 210/92";107724000.00;"07/04/2012";
"2010";"B02395";"B.2.A.13.6)  Altri rimborsi, assegni e contributi";565863000.00;"31/07/2013";
"2010";"B02400";"B.2.A.13.7)  Rimborsi, assegni e contributi v/Asl-Ao-Irccs-Policlinici della Regione";440000.00;"19/03/2012";
"2010";"B02405";"B.2.A.14)  Consulenze, Collaborazioni,  Interinale e altre prestazioni di lavoro sanitarie e sociosanitarie";1273230000.00;"31/07/2013";
"2010";"B02410";"B.2.A.14.1) Consulenze sanitarie e sociosan. da Asl-AO, IRCCS, Policlinici della Regione";516000.00;"19/03/2012";
"2010";"B02415";"B.2.A.14.2) Consulenze sanitarie e sociosanit. da Terzi - Altri enti pubblici";17536000.00;"31/07/2013";
"2010";"B02420";"B.2.A.14.3) Consulenze, Collaborazioni,  Interinale e altre prestazioni di lavoro sanitarie e socios. da privato";1241277000.00;"31/07/2013";
"2010";"B02425";"B.2.A.14.3.A) Consulenze sanitarie e sociosanitarie da privato";383336000.00;"31/07/2013";
"2010";"B02430";"B.2.A.14.3.B) Collaborazioni coordinate e continuative sanitarie e socios. da privato";107510000.00;"31/07/2013";
"2010";"B02435";"B.2.A.14.3.C) Indennita' a personale universitario -area sanitaria";466066000.00;"31/07/2013";
"2010";"B02440";"B.2.A.14.3.D) Lavoro interninale -area sanitaria";130450000.00;"31/07/2013";
"2010";"B02445";"B.2.A.14.3.E) Altre collaborazioni e prestazioni di lavoro -area sanitaria";153915000.00;"31/07/2013";
"2010";"B02450";"B.2.A.14.4) Rimborso oneri stipendiali del personale sanitario in comando";13901000.00;"31/07/2013";
"2010";"B02460";"B.2.A.14.4.B) Rimborso oneri stipendiali personale sanitario in comando da Regioni, Enti Pubblici e da Universita'";12116000.00;"07/04/2012";
"2010";"B02465";"B.2.A.14.4.C) Rimborso oneri stipendiali personale sanitario in comando da aziende di altre Regioni (Extraregione)";1785000.00;"31/07/2013";
"2010";"B02470";"B.2.A.15) Altri servizi sanitari e sociosanitari a rilevanza sanitaria";1079103000.00;"31/07/2013";
"2010";"B02475";"B.2.A.15.1)  Altri servizi sanitari e sociosanitari da pubblico V/Asl-AO, IRCCS, Policlinici d/Regione";120000.00;"19/03/2012";
"2010";"B02480";"B.2.A.15.2)  Altri servizi sanitari e sociosanitari da pubblico - Altri enti";140266000.00;"31/07/2013";
"2010";"B02485";"B.2.A.15.3) Altri servizi sanitari e sociosanitari da pubblico (extra Regione)";13181000.00;"31/07/2013";
"2010";"B02490";"B.2.A.15.4)  Altri servizi sanitari da privato";924060000.00;"31/07/2013";
"2010";"B02495";"B.2.A.15.5)  Costi per servizi sanitari - Mobilita' internazionale passiva";1476000.00;"12/07/2011";
"2010";"B02500";"B.2.B) Acquisti di servizi non sanitari";7486973000.00;"31/07/2013";
"2010";"B02505";"B.2.B.1) Servizi non sanitari";7042568000.00;"31/07/2013";
"2010";"B02510";"B.2.B.1.1)   Lavanderia";535063000.00;"31/07/2013";
"2010";"B02515";"B.2.B.1.2)   Pulizia";1200367000.00;"31/07/2013";
"2010";"B02520";"B.2.B.1.3)   Mensa";765555000.00;"31/07/2013";
"2010";"B02525";"B.2.B.1.4)   Riscaldamento";490857000.00;"31/07/2013";
"2010";"B02530";"B.2.B.1.5)   Elaborazione dati";306556000.00;"31/07/2013";
"2010";"B02535";"B.2.B.1.6)   Servizi trasporti (non sanitari)";84522000.00;"31/07/2013";
"2010";"B02540";"B.2.B.1.7)   Smaltimento rifiuti";210264000.00;"31/07/2013";
"2010";"B02545";"B.2.B.1.8)   Utenze telefoniche";241682000.00;"31/07/2013";
"2010";"B02550";"B.2.B.1.9)   Utenze elettricita'";569614000.00;"31/07/2013";
"2010";"B02555";"B.2.B.1.10)   Altre utenze";239353000.00;"31/07/2013";
"2010";"B02560";"B.2.B.1.11)  Premi di assicurazione";682995000.00;"31/07/2013";
"2010";"B02565";"B.2.B.1.11.A)  Premi di assicurazione - R.C. Professionale";545562000.00;"31/07/2013";
"2010";"B02570";"B.2.B.1.11.B)  Premi di assicurazione - Altri premi assicurativi";137433000.00;"31/07/2013";
"2010";"B02575";"B.2.B.1.12) Altri servizi non sanitari";1715740000.00;"31/07/2013";
"2010";"B02585";"B.2.B.1.12.B) Altri servizi non sanitari da pubblico";212002000.00;"31/07/2013";
"2010";"B02590";"B.2.B.1.12.C) Altri servizi non sanitari da privato";1503738000.00;"31/07/2013";
"2010";"B02595";"B.2.B.2)  Consulenze, Collaborazioni,  Interinale e altre prestazioni di lavoro non sanitarie";296517000.00;"31/07/2013";
"2010";"B02600";"B.2.B.2.1) Consulenze non sanitarie  V/Asl-AO, IRCCS, Policlinici della Regione";208000.00;"19/03/2012";
"2010";"B02605";"B.2.B.2.2) Consulenze non sanitarie  da Terzi - Altri enti pubblici";3798000.00;"31/07/2013";
"2010";"B02610";"B.2.B.2.3) Consulenze, Collaborazioni,  Interinale e altre prestazioni di lavoro non sanitarie da privato";282641000.00;"31/07/2013";
"2010";"B02615";"B.2.B.2.3.A) Consulenze non sanitarie da privato";82581000.00;"31/07/2013";
"2010";"B02620";"B.2.B.2.3.B) Collaborazioni coordinate e continuative non sanitarie da privato";41462000.00;"31/07/2013";
"2010";"B02625";"B.2.B.2.3.C) Lavoro interinale -area non sanitaria";100882000.00;"31/07/2013";
"2010";"B02630";"B.2.B.2.3.D) Altre collaborazioni e prestazioni di lavoro -area non sanitaria";57716000.00;"31/07/2013";
"2010";"B02635";"B.2.B.2.4) Rimborso oneri stipendiali del personale non sanitario in comando";9870000.00;"31/07/2013";
"2010";"B02640";"B.2.B.2.4.A) Rimborso oneri stipendiali personale non sanitario in comando da Asl-AO, IRCCS, Policlinici della Regione";76000.00;"23/06/2011";
"2010";"B02645";"B.2.B.2.4.B) Rimborso oneri stipendiali personale non sanitario in comando da Regioni, Enti Pubblici e da Universita'";9231000.00;"31/07/2013";
"2010";"B02650";"B.2.B.2.4.C) Rimborso oneri stipendiali personale non sanitario in comando da aziende di altre Regioni (Extraregione)";563000.00;"07/04/2012";
"2010";"B02655";"B.2.B.3) Formazione (esternalizzata e non)";147888000.00;"31/07/2013";
"2010";"B02660";"B.2.B.3.1) Formazione (esternalizzata e non) da pubblico";50697000.00;"31/07/2013";
"2010";"B02665";"B.2.B.3.2) Formazione (esternalizzata e non) da privato";97191000.00;"31/07/2013";
"2010";"B03000";"B.3)  Manutenzione e riparazione (ordinaria esternalizzata)";1792978000.00;"31/07/2013";
"2010";"B03005";"B.3.A)  Manutenzione e riparazione agli immobili e loro pertinenze";631181000.00;"31/07/2013";
"2010";"B03010";"B.3.B)  Manutenzione e riparazione ai mobili e macchine";163407000.00;"31/07/2013";
"2010";"B03015";"B.3.C)  Manutenzione e riparazione alle attrezzature tecnico-scientifico sanitarie";768440000.00;"31/07/2013";
"2010";"B03020";"B.3.D)  Manutenzione e riparazione per la manut. di automezzi (sanitari e non)";26871000.00;"31/07/2013";
"2010";"B03025";"B.3.E)  Altre manutenzioni e riparazioni";203079000.00;"31/07/2013";
"2010";"B04000";"B.4)   Godimento di beni di terzi";972021000.00;"31/07/2013";
"2010";"B04005";"B.4.A)  Affitti passivi";211853000.00;"31/07/2013";
"2010";"B04010";"B.4.B)  Canoni di noleggio";612516000.00;"31/07/2013";
"2010";"B04015";"B.4.B.1) Canoni di noleggio - area sanitaria";440934000.00;"31/07/2013";
"2010";"B04020";"B.4.B.2) Canoni di noleggio - area non sanitaria";171582000.00;"31/07/2013";
"2010";"B04025";"B.4.C)  Canoni di leasing";147652000.00;"31/07/2013";
"2010";"B04030";"B.4.C.1) Canoni di leasing - area sanitaria";119409000.00;"31/07/2013";
"2010";"B04035";"B.4.C.2) Canoni di leasing - area non sanitaria";28243000.00;"31/07/2013";
"2010";"B05000";"B.5)   Personale del ruolo sanitario";29022258000.00;"31/07/2013";
"2010";"B05005";"B.5.A) Costo del personale dirigente ruolo sanitario";14726354000.00;"31/07/2013";
"2010";"B05010";"B.5.A.1) Costo del personale dirigente medico";13395167000.00;"31/07/2013";
"2010";"B05015";"B.5.A.2) Costo del personale dirigente non medico";1331187000.00;"31/07/2013";
"2010";"B05020";"B.5.B) Costo del personale comparto ruolo sanitario";14295904000.00;"31/07/2013";
"2010";"B05089";"Totale Costo del personale";36207462000.00;"31/07/2013";
"2010";"B06000";"B.6)   Personale del ruolo professionale";140061000.00;"31/07/2013";
"2010";"B06005";"B.6.A) Costo del personale dirigente ruolo professionale";126090000.00;"31/07/2013";
"2010";"B06010";"B.6.B) Costo del personale comparto ruolo professionale";13971000.00;"31/07/2013";
"2010";"B07000";"B.7)   Personale del ruolo tecnico";4147881000.00;"31/07/2013";
"2010";"B07005";"B.7.A) Costo del personale dirigente ruolo tecnico";104187000.00;"31/07/2013";
"2010";"B07010";"B.7.B) Costo del personale comparto ruolo tecnico";4043694000.00;"31/07/2013";
"2010";"B08000";"B.8)   Personale del ruolo amministrativo";2897262000.00;"31/07/2013";
"2010";"B08005";"B.8.A) Costo del personale dirigente ruolo amministrativo";301971000.00;"31/07/2013";
"2010";"B08010";"B.8.B) Costo del personale comparto ruolo amministrativo";2595291000.00;"31/07/2013";
"2010";"B09000";"B.9)   Oneri diversi di gestione";581343000.00;"31/07/2013";
"2010";"B09005";"B.9.A)  Imposte e tasse (escluso Irap e Ires)";99466000.00;"31/07/2013";
"2010";"B09010";"B.9.B)  Perdite su crediti";628000.00;"26/01/2012";
"2010";"B09015";"B.9.C) Altri oneri diversi di gestione";481249000.00;"31/07/2013";
"2010";"B09020";"B.9.C.1)  Indennita', rimborso spese e oneri sociali per gli Organi Direttivi e Collegio Sindacale";188724000.00;"31/07/2013";
"2010";"B09025";"B.9.C.2)  Altri oneri diversi di gestione";292525000.00;"31/07/2013";
"2010";"B10000";"B.10) Ammortamenti delle immobilizzazioni immateriali";148291000.00;"31/07/2013";
"2010";"B11000";"B.11) Ammortamento dei fabbricati";900113000.00;"31/07/2013";
"2010";"B11005";"B.11.A) Ammortamenti fabbricati non strumentali (disponibili)";18699000.00;"31/07/2013";
"2010";"B11010";"B.11.B) Ammortamenti fabbricati strumentali (indisponibili)";881414000.00;"31/07/2013";
"2010";"B11129";"Totale Ammortamenti delle immobilizzazioni materiali";2241494000.00;"31/07/2013";
"2010";"B12000";"B.12) Ammortamenti delle altre immobilizzazioni materiali";1341381000.00;"31/07/2013";
"2010";"B13000";"B.13) Svalutazione dei crediti";82080000.00;"31/07/2013";
"2010";"B14000";"B.14) Variazione delle rimanenze";-129073000.00;"31/07/2013";
"2010";"B14005";"B.14.A) Variazione rimanenze sanitarie";-127957000.00;"31/07/2013";
"2010";"B14010";"B.14.B) Variazione rimanenze non sanitarie";-1116000.00;"31/07/2013";
"2010";"B15000";"B.15) Accantonamenti tipici dell'esercizio";1306133000.00;"31/07/2013";
"2010";"B15005";"B.15.A) Accantonamenti per rischi";588303000.00;"31/07/2013";
"2010";"B15010";"B.15.A.1)  Accantonamenti per cause civili ed oneri processuali";307196000.00;"31/07/2013";
"2010";"B15015";"B.15.A.2)  Accantonamenti per contenzioso personale dipendente";42337000.00;"31/07/2013";
"2010";"B15020";"B.15.A.3) Altri accantonamenti per rischi";238770000.00;"31/07/2013";
"2010";"B15025";"B.15.B) Accantonamenti per premio di operosita'";56512000.00;"31/07/2013";
"2010";"B15030";"B.15.C) Altri accantonamenti";661318000.00;"31/07/2013";
"2010";"B15035";"B.15.C.1)  Accantonamenti per interessi di mora";80488000.00;"31/07/2013";
"2010";"B15040";"B.15.C.2)  Acc. Rinnovi convenzioni MMG/Pls/MCA ed altri";69037000.00;"31/07/2013";
"2010";"B15045";"B.15.C.3)  Acc. Rinnovi contratt. - dirigenza medica";10771000.00;"07/04/2012";
"2010";"B15050";"B.15.C.4)  Acc. Rinnovi contratt.- dirigenza non medica";1510000.00;"19/03/2012";
"2010";"B15055";"B.15.C.5)  Acc. Rinnovi contratt.: - comparto";5190000.00;"19/03/2012";
"2010";"B15060";"B.15.C.6) Altri accantonamenti";494322000.00;"31/07/2013";
"2010";"B99999";"Totale costi della produzione (B)";114408000000.00;"31/07/2013";
"2010";"C01000";"C.1) Interessi attivi";21420000.00;"31/07/2013";
"2010";"C01005";"C.1.A) Interessi attivi su c/tesoreria";15573000.00;"31/07/2013";
"2010";"C01010";"C.1.B) Interessi attivi su c/c postali e bancari";3968000.00;"31/07/2013";
"2010";"C01015";"C.1.C) Altri interessi attivi";1879000.00;"31/07/2013";
"2010";"C02000";"C.2) Altri proventi";2831000.00;"07/04/2012";
"2010";"C02005";"C.2.A) Proventi da partecipazioni";279000.00;"04/11/2011";
"2010";"C02010";"C.2.B) Proventi finanziari da crediti iscritti nelle immobilizzazioni";2000.00;"29/06/2011";
"2010";"C02015";"C.2.C) Proventi finanziari da titoli iscritti nelle immobilizzazioni";82000.00;"30/06/2011";
"2010";"C02020";"C.2.D) Altri proventi finanziari diversi dai precedenti";2455000.00;"07/04/2012";
"2010";"C02025";"C.2.E) Utili su cambi";13000.00;"26/01/2012";
"2010";"C03000";"C.3)  Interessi passivi";381303000.00;"31/07/2013";
"2010";"C03005";"C.3.A) Interessi passivi su c/c tesoreria";70629000.00;"31/07/2013";
"2010";"C03010";"C.3.B) Interessi passivi su mutui";76349000.00;"07/04/2012";
"2010";"C03015";"C.3.C) Altri interessi passivi";234325000.00;"31/07/2013";
"2010";"C04000";"C.4)  Altri oneri";33886000.00;"31/07/2013";
"2010";"C04005";"C.4.A) Altri oneri finanziari";33811000.00;"31/07/2013";
"2010";"C04010";"C.4.B) Perdite su cambi";75000.00;"30/06/2011";
"2010";"C99999";"Totale proventi e oneri finanziari (C)";-390938000.00;"31/07/2013";
"2010";"D01000";"D.1)  Rivalutazioni";918000.00;"07/04/2012";
"2010";"D02000";"D.2)  Svalutazioni";252000.00;"07/04/2012";
"2010";"D99999";"Totale rettifiche di valore di attivita' finanziarie (D)";666000.00;"07/04/2012";
"2010";"E01000";"E.1) Proventi straordinari";940652000.00;"31/07/2013";
"2010";"E01005";"E.1.A) Plusvalenze";17222000.00;"31/07/2013";
"2010";"E01010";"E.1.B) Altri proventi straordinari";923430000.00;"31/07/2013";
"2010";"E01015";"E.1.B.1) Proventi da donazioni e liberalita' diverse";13904000.00;"31/07/2013";
"2010";"E01020";"E.1.B.2) Sopravvenienze attive";501841000.00;"31/07/2013";
"2010";"E01025";"E.1.B.2.1) Sopravvenienze Attive v/Asl-AO, IRCCS, Policlinici";14000.00;"19/03/2012";
"2010";"E01030";"E.1.B.2.2) Sopravvenienze Attive v/terzi";501827000.00;"31/07/2013";
"2010";"E01035";"E.1.B.2.2.A) Sopravvenienze attive v/terzi relative alla mobilita' extraregionale";29174000.00;"31/07/2013";
"2010";"E01040";"E.1.B.2.2.B) Sopravvenienze attive v/terzi relative al personale";51732000.00;"31/07/2013";
"2010";"E01045";"E.1.B.2.2.C) Sopravvenienze attive v/terzi relative alle convenzioni con medici di base";15967000.00;"31/07/2013";
"2010";"E01050";"E.1.B.2.2.D) Sopravvenienze attive v/terzi relative alle convenzioni per la specialistica";8075000.00;"31/07/2013";
"2010";"E01055";"E.1.B.2.2.E) Sopravvenienze attive v/terzi relative all'acquisto prestaz. Sanitarie da operatori accreditati";37740000.00;"31/07/2013";
"2010";"E01060";"E.1.B.2.2.F) Sopravvenienze attive v/terzi relative all'acquisto di beni e servizi";95805000.00;"31/07/2013";
"2010";"E01065";"E.1.B.2.2.G) Altre sopravvenienze attive v/terzi";263334000.00;"31/07/2013";
"2010";"E01070";"E.1.B.3) Insussistenze attive";388499000.00;"31/07/2013";
"2010";"E01075";"E.1.B.3.1) Insussistenze Attive v/Asl-AO, IRCCS, Policlinici";7000.00;"31/07/2013";
"2010";"E01080";"E.1.B.3.2) Insussistenze Attive v/terzi";388492000.00;"31/07/2013";
"2010";"E01085";"E.1.B.3.2.A) Insussistenze attive v/terzi relative alla mobilita' extraregionale";1140000.00;"07/04/2012";
"2010";"E01090";"E.1.B.3.2.B) Insussistenze attive v/terzi relative al personale";72299000.00;"31/07/2013";
"2010";"E01095";"E.1.B.3.2.C) Insussistenze attive v/terzi relative alle convenzioni con medici di base";7854000.00;"31/07/2013";
"2010";"E01100";"E.1.B.3.2.D) Insussistenze attive v/terzi relative alle convenzioni per la specialistica";1251000.00;"07/04/2012";
"2010";"E01105";"E.1.B.3.2.E) Insussistenze attive v/terzi relative all'acquisto prestaz. Sanitarie da operatori accreditati";61530000.00;"31/07/2013";
"2010";"E01110";"E.1.B.3.2.F) Insussistenze attive v/terzi relative all'acquisto di beni e servizi";108289000.00;"31/07/2013";
"2010";"E01115";"E.1.B.3.2.G) Altre Insussistenze attive v/terzi";136129000.00;"31/07/2013";
"2010";"E01120";"E.1.B.4) Altri proventi straordinari";19186000.00;"31/07/2013";
"2010";"E02000";"E.2) Oneri straordinari";937660000.00;"31/07/2013";
"2010";"E02005";"E.2.A) Minusvalenze";12437000.00;"31/07/2013";
"2010";"E02010";"E.2.B) Altri oneri straordinari";925223000.00;"31/07/2013";
"2010";"E02015";"E.2.B.1) Oneri tributari da esercizi precedenti";3102000.00;"07/04/2012";
"2010";"E02020";"E.2.B.2) Oneri da cause civili";50570000.00;"07/04/2012";
"2010";"E02025";"E.2.B.3) Sopravvenienze passive";778292000.00;"31/07/2013";
"2010";"E02030";"E.2.B.3.1) Sopravvenienze passive v/Asl-AO, IRCCS, Policlinici";15000.00;"31/07/2013";
"2010";"E02040";"E.2.B.3.1.B) Altre sopravvenienze passive v/Asl-Ao,Irccs,Pol.";15000.00;"31/07/2013";
"2010";"E02045";"E.2.B.3.2) Sopravvenienze passive v/terzi";778277000.00;"31/07/2013";
"2010";"E02050";"E.2.B.3.2.A) Sopravvenienze passive v/terzi relative alla mobilita' extraregionale";36721000.00;"31/07/2013";
"2010";"E02055";"E.2.B.3.2.B) Sopravvenienze passive v/terzi relative al personale";133042000.00;"31/07/2013";
"2010";"E02060";"E.2.B.3.2.B.1) Soprav. passive v/terzi relative al personale - dirigenza medica";71277000.00;"31/07/2013";
"2010";"E02065";"E.2.B.3.2.B.2) Soprav. passive v/terzi relative al personale - dirigenza non medica";12247000.00;"31/07/2013";
"2010";"E02070";"E.2.B.3.2.B.3) Soprav. passive v/terzi relative al personale - comparto";49518000.00;"31/07/2013";
"2010";"E02075";"E.2.B.3.2.C) Sopravvenienze passive v/terzi relative alle convenzioni con medici di base";23510000.00;"31/07/2013";
"2010";"E02080";"E.2.B.3.2.D) Sopravvenienze passive v/terzi relative alle convenzioni per la specialistica";16502000.00;"07/04/2012";
"2010";"E02085";"E.2.B.3.2.E) Sopravvenienze passive v/terzi relative all'acquisto prestaz. sanitarie da operatori accreditati";90907000.00;"31/07/2013";
"2010";"E02090";"E.2.B.3.2.F) Sopravvenienze passive v/terzi relative all'acquisto di beni e servizi";289210000.00;"31/07/2013";
"2010";"E02095";"E.2.B.3.2.G) Altre sopravvenienze passive v/terzi";188385000.00;"31/07/2013";
"2010";"E02100";"E.2.B.4) Insussistenze passive";91912000.00;"31/07/2013";
"2010";"E02105";"E.2.B.4.1) Insussistenze passive v/Asl-AO, IRCCS, Policlinici";3868000.00;"31/07/2013";
"2010";"E02110";"E.2.B.4.2) Insussistenze passive v/terzi";88044000.00;"31/07/2013";
"2010";"E02115";"E.2.B.4.2.A) Insussistenze passive v/terzi relative alla mobilita' extraregionale";3607000.00;"04/11/2011";
"2010";"E02120";"E.2.B.4.2.B) Insussistenze passive v/terzi relative al personale";767000.00;"07/04/2012";
"2010";"E02125";"E.2.B.4.2.C) Insussistenze passive v/terzi relative alle convenzioni con medici di base";54000.00;"26/01/2012";
"2010";"E02130";"E.2.B.4.2.D) Insussistenze passive v/terzi relative alle convenzioni per la specialistica";14000.00;"31/07/2013";
"2010";"E02135";"E.2.B.4.2.E) Insussistenze passive v/terzi relative all'acquisto prestaz. sanitarie da operatori accreditati";21714000.00;"31/07/2013";
"2010";"E02140";"E.2.B.4.2.F) Insussistenze passive v/terzi relative all'acquisto di beni e servizi";15738000.00;"31/07/2013";
"2010";"E02145";"E.2.B.4.2.G) Altre Insussistenze passive v/terzi";46150000.00;"31/07/2013";
"2010";"E02150";"E.2.B.5) Altri oneri straordinari";1347000.00;"07/04/2012";
"2010";"E99999";"Totale proventi e oneri straordinari (E)";2992000.00;"31/07/2013";
"2010";"X01000";"Risultato prima delle imposte (A - B +/- C +/- D +/- E)";-554741000.00;"31/07/2013";
"2010";"Y01000";"Y.1) IRAP";2627055000.00;"31/07/2013";
"2010";"Y01005";"Y.1.A) IRAP relativa a personale dipendente";2415318000.00;"31/07/2013";
"2010";"Y01010";"Y.1.B) IRAP relativa a collaboratori e personale assimilato a lavoro dipendente";133557000.00;"31/07/2013";
"2010";"Y01015";"Y.1.C) IRAP relativa ad attivita' di libera professione (intramoenia)";72826000.00;"31/07/2013";
"2010";"Y01020";"Y.1.D) IRAP relativa ad attivita' commerciali";5354000.00;"31/07/2013";
"2010";"Y02000";"Y.2) IRES";38890000.00;"31/07/2013";
"2010";"Y02005";"Y.2.A) IRES su attivita' istituzionale";33156000.00;"31/07/2013";
"2010";"Y02010";"Y.2.B) IRES su attivita' commerciale";5734000.00;"31/07/2013";
"2010";"Y03000";"Y.3) Accantonamento a F.do Imposte (Accertamenti, condoni, ecc.)";4235000.00;"19/03/2012";
"2010";"Y99999";"Totale imposte e tasse";2670180000.00;"31/07/2013";
"2010";"Z99999";"RISULTATO DI ESERCIZIO";-3224921000.00;"31/07/2013";
"2011";"A01000";"A.1)  Contributi in c/esercizio";106140000000.00;"04/06/2013";
"2011";"A01005";"A.1.A)  Contributi da Regione e Prov. Aut. per quota F.S. regionale";104508000000.00;"04/06/2013";
"2011";"A01010";"A.1.A.1)  da Regione e Prov. Aut. per quota F.S. regionale indistinto";102376000000.00;"04/06/2013";
"2011";"A01015";"A.1.A.2)  da Regione e Prov. Aut. per quota F.S. vincolato";2132462000.00;"04/06/2013";
"2011";"A01020";"A.1.B)  Contributi c/esercizio da enti pubblici  (EXTRA FONDO)";1565519000.00;"04/06/2013";
"2011";"A01025";"A.1.B.1)  da enti pubblici (extra fondo) vincolati";745639000.00;"04/06/2013";
"2011";"A01030";"A.1.B.1.1)  Contributi da Regione (extra fondo) vincolati";463830000.00;"04/06/2013";
"2011";"A01035";"A.1.B.1.2)  Contributi da altri enti pubblici (extra fondo) vincolati";139705000.00;"04/06/2013";
"2011";"A01045";"A.1.B.1.4)  Contributi in conto esercizio per ricerca corrente";104961000.00;"04/06/2013";
"2011";"A01050";"A.1.B.1.5)  Contributi in conto esercizio per ricerca finalizzata";37143000.00;"04/06/2013";
"2011";"A01055";"A.1.B.2)  da enti pubblici (extra fondo) - Altro";819880000.00;"04/06/2013";
"2011";"A01060";"A.1.B.2.1)  Contributi da Regione (extra fondo)  - Altro";773471000.00;"04/06/2013";
"2011";"A01065";"A.1.B.2.2)  Contributi da altri enti pubblici (extra fondo) - Altro";46409000.00;"04/06/2013";
"2011";"A01075";"A.1.C)  Contributi c/esercizio da enti privati";66071000.00;"15/03/2013";
"2011";"A02000";"A.2)   Proventi e ricavi diversi";5640283000.00;"04/06/2013";
"2011";"A02005";"A.2.A)  Ricavi per prestazioni sanitarie e sociosanitarie a rilevanza sanitaria";5299831000.00;"04/06/2013";
"2011";"A02010";"A.2.A.1)  Ricavi per prestazioni sanitarie e sociosanitarie erogate a soggetti pubblici";2400907000.00;"04/06/2013";
"2011";"A02015";"A.2.A.1.1)  Ricavi per prestaz. sanitarie  e sociosanitarie erogate ad  ASL, A.O., IRCCS e Policlinici della Regione";6814000.00;"02/07/2012";
"2011";"A02020";"A.2.A.1.1.A) Prestazioni di ricovero";2398000.00;"02/07/2012";
"2011";"A02025";"A.2.A.1.1.B) Prestazioni di specialistica ambulatoriale";5000.00;"28/06/2012";
"2011";"A02030";"A.2.A.1.1.C) Prestazioni di psichiatria residenziale e semiresidenziale";4411000.00;"02/07/2012";
"2011";"A02070";"A.2.A.1.2)   Ricavi per prestaz. sanitarie  e sociosanitarie  erogate ad altri soggetti pubblici";89157000.00;"04/06/2013";
"2011";"A02075";"A.2.A.1.3)   Ricavi per prestaz. sanitarie e sociosanitarie erogate a soggetti pubblici extra Regione";2304936000.00;"04/06/2013";
"2011";"A02080";"A.2.A.1.3.A) Prestazioni di ricovero";1664880000.00;"15/03/2013";
"2011";"A02085";"A.2.A.1.3.B) Prestazioni ambulatoriali";316060000.00;"04/06/2013";
"2011";"A02090";"A.2.A.1.3.C) Prestazioni di psichiatria non soggetta a compensazione (resid. e semiresid.)";2903000.00;"15/03/2013";
"2011";"A02095";"A.2.A.1.3.D) Prestazioni di File F";130243000.00;"15/03/2013";
"2011";"A02100";"A.2.A.1.3.E) Altre prestazioni sanitarie soggette a compensazione Extraregione";162159000.00;"04/06/2013";
"2011";"A02105";"A.2.A.1.3.E.1) Prestazioni servizi MMG, PLS, Contin. assistenziale Extraregione";20301000.00;"15/03/2013";
"2011";"A02110";"A.2.A.1.3.E.2) Prestazioni servizi farmaceutica conv enzionata Extraregione";68541000.00;"15/03/2013";
"2011";"A02115";"A.2.A.1.3.E.3) Prestazioni termali Extraregione";30134000.00;"15/03/2013";
"2011";"A02120";"A.2.A.1.3.E.4) Prestazioni trasporto ambulanze ed elisoccorso Extraregione";13941000.00;"04/06/2013";
"2011";"A02125";"A.2.A.1.3.E.5) Altre prestazioni sanitarie  Extraregione";29242000.00;"04/06/2013";
"2011";"A02130";"A.2.A.1.3.F) Altre prestazioni sanitarie e sociosanitarie non soggette a compensazione Extraregione";16572000.00;"15/03/2013";
"2011";"A02135";"A.2.A.1.3.F.1) Prestazioni di assistenza riabilitativa non soggetta a compensazione Extraregione";1285000.00;"15/03/2013";
"2011";"A02140";"A.2.A.1.3.F.2) Altre prestazioni sanitarie e socio-sanitarie non soggetta a compenzazione Extraregione";15287000.00;"15/03/2013";
"2011";"A02145";"A.2.A.1.3.G) Altre prestazioni sanitarie - Mobilita' attiva Internazionale";12119000.00;"29/06/2012";
"2011";"A02150";"A.2.A.2)  Ricavi per prestazioni sanitarie erogate da soggetti privati v/ residenti extraregione in compensazione (mobilita' attiva)";1067305000.00;"15/03/2013";
"2011";"A02155";"A.2.A.2.1)  Prestazioni di ricovero da priv. extraregione in compensazione (mobilita' attiva)";930410000.00;"15/03/2013";
"2011";"A02160";"A.2.A.2.2)  Prestazioni ambulatoriali da priv. extraregione in compensazione  (mobilita' attiva)";98176000.00;"15/03/2013";
"2011";"A02165";"A.2.A.2.3)  Prestazioni di File F da priv. extraregione in compensazione (mobilita' attiva)";20166000.00;"13/03/2013";
"2011";"A02170";"A.2.A.2.4)  Altre prestazioni sanitarie erogate da privati v/residenti extraregione in compensazione (mobilita' attiva)";18553000.00;"25/09/2012";
"2011";"A02175";"A.2.A.3)  Ricavi per prestazioni sanitarie erogate a soggetti privati";574754000.00;"04/06/2013";
"2011";"A02180";"A.2.A.4)  Ricavi per prestazioni sanitarie erogate in regime di intramoenia";1256865000.00;"04/06/2013";
"2011";"A02185";"A.2.A.4.1)  Ricavi per prestazioni sanitarie intramoenia - Area ospedaliera";312347000.00;"04/06/2013";
"2011";"A02190";"A.2.A.4.2)  Ricavi per prestazioni sanitarie intramoenia - Area specialistica";787049000.00;"04/06/2013";
"2011";"A02195";"A.2.A.4.3)  Ricavi per prestazioni sanitarie intramoenia - Area sanita' pubblica";12790000.00;"04/06/2013";
"2011";"A02200";"A.2.A.4.4)  Ricavi per prestazioni sanitarie intramoenia - Consulenze (ex art. 55 c.1 lett. c), d) ed ex Art. 57-58)";98696000.00;"04/06/2013";
"2011";"A02210";"A.2.A.4.6)  Ricavi per prestazioni sanitarie intramoenia - Altro";45983000.00;"04/06/2013";
"2011";"A02220";"A.2.B) Ricavi per prestazioni non sanitarie";99202000.00;"04/06/2013";
"2011";"A02225";"A.2.C) Altri proventi";241250000.00;"04/06/2013";
"2011";"A02230";"A.2.C.1)  Proventi non sanitari";90773000.00;"04/06/2013";
"2011";"A02235";"A.2.C.1.1) Affitti attivi ed altri proventi da attivita' immobiliari";54682000.00;"04/06/2013";
"2011";"A02239";"A.2.C.1.2) Altro";36091000.00;"04/06/2013";
"2011";"A02240";"A.2.C.2) Altri proventi diversi";150477000.00;"04/06/2013";
"2011";"A03000";"A.3)  Concorsi, recuperi e rimborsi per attivita' tipiche";995606000.00;"04/06/2013";
"2011";"A03005";"A.3.A) Rimborsi assicurativi";28369000.00;"04/06/2013";
"2011";"A03010";"A.3.B) Altri concorsi, recuperi e rimborsi per attivita' tipiche";967237000.00;"04/06/2013";
"2011";"A03015";"A.3.B.1) Concorsi, recuperi e rimborsi v/Asl-AO, IRCCS, Policlinici della Regione";5519000.00;"02/07/2012";
"2011";"A03020";"A.3.B.1.1) Rimborso degli oneri stipendiali del personale dipendente dell' azienda in posizione di comando in Asl-AO, IRCCS, Policlinici della Regione";4968000.00;"15/06/2012";
"2011";"A03025";"A.3.B.1.2) Rimborsi per acquisto beni da parte di  Asl-AO, IRCCS, Policlinici della Regione";72000.00;"02/07/2012";
"2011";"A03030";"A.3.B.1.3) Altri concorsi, recuperi e rimborsi per attivita' tipiche da parte di Asl-AO , IRCCS, Policlinici della Regione";479000.00;"28/06/2012";
"2011";"A03035";"A.3.B.2) Concorsi, recuperi e rimborsi v/altri Enti Pubblici";228585000.00;"04/06/2013";
"2011";"A03040";"A.3.B.2.1) Rimborso degli oneri stipendiali del personale  dipendente dell'azienda in posizione di comando v/altri Enti Pubblici";74721000.00;"04/06/2013";
"2011";"A03045";"A.3.B.2.2) Rimborsi per acquisto beni v/altri Enti Pubblici";29073000.00;"15/03/2013";
"2011";"A03050";"A.3.B.2.3) Altri concorsi, recuperi e rimborsi per attivita' tipiche v/Altri Enti Pubblici";124791000.00;"04/06/2013";
"2011";"A03055";"A.3.B.3) Concorsi, recuperi e rimborsi v/Regione";4005000.00;"02/07/2012";
"2011";"A03060";"A.3.B.3.1) Rimborso degli oneri stipendiali del personale dell'azienda in posizione di comando v/Regione";3825000.00;"02/07/2012";
"2011";"A03065";"A.3.B.3.2) Altri concorsi, recuperi e rimborsi per attivita' tipiche v/Regione";180000.00;"02/07/2012";
"2011";"A03070";"A.3.B.4) Concorsi, recuperi e rimborsi v/privati";729128000.00;"04/06/2013";
"2011";"A03075";"A.3.B.4.1) Rimborso da Aziende Farmaceutiche per Pay Back";406182000.00;"15/03/2013";
"2011";"A03080";"A.3.B.4.2) Altri concorsi, recuperi e rimborsi verso privati";322946000.00;"04/06/2013";
"2011";"A04000";"A.4) Compartecipazione alla spesa per prestazioni sanitarie (ticket)";1352000000.00;"04/06/2013";
"2011";"A04005";"A.4.A) Compartecipazione alla spesa per prestazioni sanitarie - Ticket sulle prestazioni di specialistica ambulatoriale";1204082000.00;"04/06/2013";
"2011";"A04010";"A.4.B) Compartecipazione alla spesa per prestazioni sanitarie - Ticket sul pronto soccorso";23154000.00;"04/06/2013";
"2011";"A04015";"A.4.C) Compartecipazione alla spesa per prestazioni sanitarie (ticket)- Altro";124764000.00;"04/06/2013";
"2011";"A05000";"A.5)  Costi capitalizzati";1581814000.00;"04/06/2013";
"2011";"A05005";"A.5.A)  Costi capitalizzati da utilizzo finanziamenti per investimenti (Costi Sterilizzati)";1562570000.00;"04/06/2013";
"2011";"A05010";"A.5.A.1) Costi capitalizzati da utilizzo finanziamenti per investimenti da Regione";1354870000.00;"04/06/2013";
"2011";"A05015";"A.5.A.2) Costi capitalizzati da utilizzo finanziamenti per investimenti dallo Stato";79273000.00;"15/03/2013";
"2011";"A05020";"A.5.A.3) Costi capitalizzati da utilizzo altre poste del patrimonio netto";128427000.00;"15/03/2013";
"2011";"A05025";"A.5.B)  Costi capitalizzati per costi sostenuti in economia";19244000.00;"15/03/2013";
"2011";"A99999";"Totale valore della produzione (A)";115710000000.00;"04/06/2013";
"2011";"B01000";"B.1)  Acquisti di beni";15143017000.00;"04/06/2013";
"2011";"B01005";"B.1.A)  Acquisti di beni sanitari";14457186000.00;"04/06/2013";
"2011";"B01010";"B.1.A.1)  Prodotti farmaceutici ed emoderivati";7580645000.00;"04/06/2013";
"2011";"B01015";"B.1.A.2)  Ossigeno";204312000.00;"04/06/2013";
"2011";"B01020";"B.1.A.3)  Prodotti dietetici";79628000.00;"04/06/2013";
"2011";"B01025";"B.1.A.4)  Materiali per la profilassi (vaccini)";266992000.00;"04/06/2013";
"2011";"B01030";"B.1.A.5)  Materiali diagnostici prodotti chimici";1503773000.00;"04/06/2013";
"2011";"B01035";"B.1.A.6)  Materiali diagnostici, lastre RX, mezzi di contrasto per RX, carta per ECG, ECG, etc.";191610000.00;"04/06/2013";
"2011";"B01040";"B.1.A.7)   Presidi chirurgici e materiali sanitari";2706397000.00;"04/06/2013";
"2011";"B01045";"B.1.A.8)  Materiali protesici";1470444000.00;"04/06/2013";
"2011";"B01050";"B.1.A.9)  Materiali per emodialisi";294686000.00;"04/06/2013";
"2011";"B01055";"B.1.A.10)  Materiali e Prodotti per uso veterinario";6752000.00;"04/06/2013";
"2011";"B01060";"B.1.A.11)  Altri beni e prodotti sanitari";151947000.00;"04/06/2013";
"2011";"B01070";"B.1.B)  Acquisti di beni non sanitari";685831000.00;"04/06/2013";
"2011";"B01075";"B.1.B.1)  Prodotti alimentari";87037000.00;"04/06/2013";
"2011";"B01080";"B.1.B.2)  Materiali di guardaroba, di pulizia e di convivenza in genere";102758000.00;"04/06/2013";
"2011";"B01085";"B.1.B.3)  Combustibili, carburanti e lubrificanti";154360000.00;"04/06/2013";
"2011";"B01090";"B.1.B.4)  Supporti informatici e cancelleria";152204000.00;"04/06/2013";
"2011";"B01095";"B.1.B.5)  Materiale per la manutenzione";75340000.00;"04/06/2013";
"2011";"B01100";"B.1.B.6)  Altri beni non sanitari";114131000.00;"04/06/2013";
"2011";"B01105";"B.1.B.7)  Beni non sanitari da Asl-AO, IRCCS, Policlinici della Regione";1000.00;"02/07/2012";
"2011";"B02000";"B.2)  Acquisti di servizi";55759578000.00;"04/06/2013";
"2011";"B02005";"B.2.A)   Acquisti servizi sanitari";47982045000.00;"04/06/2013";
"2011";"B02010";"B.2.A.1)   Acquisti servizi sanitari per medicina di base";6641381000.00;"04/06/2013";
"2011";"B02015";"B.2.A.1.1) - da convenzione";6626133000.00;"04/06/2013";
"2011";"B02020";"B.2.A.1.1.A) Spese per assistenza MMG";4554696000.00;"04/06/2013";
"2011";"B02025";"B.2.A.1.1.B) Spese per assistenza PLS";1079031000.00;"04/06/2013";
"2011";"B02030";"B.2.A.1.1.C) Spese per assistenza Continuita' assistenziale";711242000.00;"04/06/2013";
"2011";"B02035";"B.2.A.1.1.D) Altro (medicina dei servizi, psicologi, medici 118, ecc)";281164000.00;"04/06/2013";
"2011";"B02045";"B.2.A.1.3) - da pubblico Mobilita' ( Extra Regione)";15248000.00;"04/06/2013";
"2011";"B02050";"B.2.A.2)   Acquisti servizi sanitari per farmaceutica";10336421000.00;"04/06/2013";
"2011";"B02055";"B.2.A.2.1) - da convenzione";10268179000.00;"04/06/2013";
"2011";"B02065";"B.2.A.2.3) - da pubblico ( extra Regione)";68242000.00;"04/06/2013";
"2011";"B02070";"B.2.A.3)   Acquisti servizi sanitari per assistenza specialistica ambulatoriale";5069075000.00;"04/06/2013";
"2011";"B02075";"B.2.A.3.1)  - da pubblico (Asl-AO, IRCCS, Policlinici della Regione)-  Mobilita' intraregionale";73000.00;"28/06/2012";
"2011";"B02080";"B.2.A.3.2)  - da pubblico (altri soggetti pubbl. della Regione)";93769000.00;"04/06/2013";
"2011";"B02085";"B.2.A.3.3)  - da pubblico (extra Regione)";401138000.00;"04/06/2013";
"2011";"B02090";"B.2.A.3.4)  - da privato - Medici SUMAI";973724000.00;"04/06/2013";
"2011";"B02095";"B.2.A.3.5)  - da privato";3499374000.00;"04/06/2013";
"2011";"B02100";"B.2.A.3.5.A) Servizi sanitari per assistenza specialistica da IRCCS Privati e Policl.privati";372523000.00;"15/03/2013";
"2011";"B02105";"B.2.A.3.5.B) Servizi sanitari per assistenza specialistica da Ospedali Classificati privati";266241000.00;"13/03/2013";
"2011";"B02110";"B.2.A.3.5.C) Servizi sanitari per assistenza specialistica da Case di Cura Private";869075000.00;"04/06/2013";
"2011";"B02115";"B.2.A.3.5.D) Servizi sanitari per assistenza specialistica da altri soggetti privati";1991535000.00;"04/06/2013";
"2011";"B02120";"B.2.A.3.6)  - da privato per cittadini non residenti - extraregione (mobilita' attiva in compensazione)";100997000.00;"15/03/2013";
"2011";"B02125";"B.2.A.4)   Acquisti servizi sanitari per assistenza riabilitativa";1953930000.00;"04/06/2013";
"2011";"B02135";"B.2.A.4.2)  - da pubblico (altri soggetti pubbl. della Regione)";100870000.00;"15/03/2013";
"2011";"B02140";"B.2.A.4.3)  - da pubblico (extra Regione) non soggetto a compensazione";586000.00;"15/03/2013";
"2011";"B02145";"B.2.A.4.4)  - da privato (intraregionale ed extraregionale)";1852474000.00;"04/06/2013";
"2011";"B02150";"B.2.A.5)   Acquisti servizi sanitari per assistenza integrativa e protesica";1935992000.00;"04/06/2013";
"2011";"B02160";"B.2.A.5.2)  - da pubblico (altri soggetti pubbl. della Regione)";8343000.00;"04/06/2013";
"2011";"B02165";"B.2.A.5.3)  - da pubblico (extra Regione)";995000.00;"04/06/2013";
"2011";"B02170";"B.2.A.5.4)  - da privato";1926654000.00;"04/06/2013";
"2011";"B02175";"B.2.A.6)   Acquisti servizi sanitari per assistenza ospedaliera";10973914000.00;"04/06/2013";
"2011";"B02185";"B.2.A.6.2)  - da pubblico (altri soggetti pubbl. della Regione)";241332000.00;"04/06/2013";
"2011";"B02190";"B.2.A.6.3)  - da pubblico (extra Regione)";2333139000.00;"04/06/2013";
"2011";"B02195";"B.2.A.6.4)  - da privato";7441748000.00;"04/06/2013";
"2011";"B02200";"B.2.A.6.4.A) Servizi sanitari per assistenza ospedaliera da IRCCS Privati e Policlinici privati";1490301000.00;"15/03/2013";
"2011";"B02205";"B.2.A.6.4.B) Servizi sanitari per assistenza ospedaliera da Ospedali Classificati privati";1064728000.00;"15/03/2013";
"2011";"B02210";"B.2.A.6.4.C) Servizi sanitari per assistenza ospedaliera da Case di Cura Private";4520292000.00;"04/06/2013";
"2011";"B02215";"B.2.A.6.4.D) Servizi sanitari per assistenza ospedaliera da altri soggetti privati";366427000.00;"04/06/2013";
"2011";"B02220";"B.2.A.6.5)  - da privato per cittadini non residenti - extraregione (mobilita' attiva in compensazione)";957695000.00;"15/03/2013";
"2011";"B02225";"B.2.A.7)   Acquisto prestazioni di psichiatria residenziale e semiresidenziale";898921000.00;"04/06/2013";
"2011";"B02235";"B.2.A.7.2)  - da pubblico (altri soggetti pubbl. della Regione)";14742000.00;"15/03/2013";
"2011";"B02240";"B.2.A.7.3)  - da pubblico (extra Regione) - non soggette a compensazione";518000.00;"04/06/2013";
"2011";"B02245";"B.2.A.7.4)  - da privato(intraregionale ed extraregionale)";883661000.00;"04/06/2013";
"2011";"B02250";"B.2.A.8)   Acquisto prestazioni di distribuzione farmaci e File F";514247000.00;"04/06/2013";
"2011";"B02255";"B.2.A.8.1)  - da pubblico (Asl-AO, IRCCS, Policlinici della Regione)-  Mobilita' intraregionale";938000.00;"15/06/2012";
"2011";"B02260";"B.2.A.8.2) - da pubblico (altri soggetti pubbl. della Regione)";10522000.00;"15/03/2013";
"2011";"B02265";"B.2.A.8.3) - da pubblico (extra Regione)";137958000.00;"04/06/2013";
"2011";"B02270";"B.2.A.8.4) - da privato";341343000.00;"04/06/2013";
"2011";"B02275";"B.2.A.8.5) - da privato per cittadini non residenti - extraregione (mobilita' attiva in compensazione)";23486000.00;"13/03/2013";
"2011";"B02280";"B.2.A.9)   Acquisto prestazioni termali in convenzione";184275000.00;"04/06/2013";
"2011";"B02290";"B.2.A.9.2) - da pubblico (altri soggetti pubbl. della Regione)";965000.00;"24/07/2012";
"2011";"B02295";"B.2.A.9.3) - da pubblico (extra Regione)";50487000.00;"04/06/2013";
"2011";"B02300";"B.2.A.9.4) - da privato";114829000.00;"04/06/2013";
"2011";"B02305";"B.2.A.9.5) - da privato  per cittadini non residenti - extraregione (mobilita' attiva in compensazione)";17994000.00;"15/03/2013";
"2011";"B02310";"B.2.A.10)   Acquisto prestazioni trasporto sanitari";862167000.00;"04/06/2013";
"2011";"B02320";"B.2.A.10.2) - da pubblico (altri soggetti pubbl. della Regione)";69318000.00;"04/06/2013";
"2011";"B02325";"B.2.A.10.3) - da pubblico (extra Regione)";18719000.00;"04/06/2013";
"2011";"B02330";"B.2.A.10.4) - da privato";774130000.00;"04/06/2013";
"2011";"B02335";"B.2.A.11)   Acquisto prestazioni Socio-Sanitarie a rilevanza sanitaria";4119860000.00;"04/06/2013";
"2011";"B02345";"B.2.A.11.2)  - da pubblico (altri enti pubblici)";795346000.00;"15/03/2013";
"2011";"B02350";"B.2.A.11.3) - da pubblico (extra Regione) non soggette a compensazione";1630000.00;"15/03/2013";
"2011";"B02355";"B.2.A.11.4) - da privato (intraregionale ed extraregionale)";3322884000.00;"04/06/2013";
"2011";"B02360";"B.2.A.12)  Compartecipazione al personale per att. Libero-prof. (intramoenia)";1079961000.00;"04/06/2013";
"2011";"B02365";"B.2.A.13)  Rimborsi, assegni e contributi sanitari";1108471000.00;"04/06/2013";
"2011";"B02370";"B.2.A.13.1)  Contributi ad associazioni di volontariato";50585000.00;"04/06/2013";
"2011";"B02375";"B.2.A.13.2)  Rimborsi per cure all'estero";23748000.00;"04/06/2013";
"2011";"B02380";"B.2.A.13.3)  Contributi per ARPA";390603000.00;"04/06/2013";
"2011";"B02385";"B.2.A.13.4)  Contributi per Agenzie Regionali";45139000.00;"15/03/2013";
"2011";"B02390";"B.2.A.13.5)  Contributo Legge 210/92";100803000.00;"04/06/2013";
"2011";"B02395";"B.2.A.13.6)  Altri rimborsi, assegni e contributi";497139000.00;"04/06/2013";
"2011";"B02400";"B.2.A.13.7)  Rimborsi, assegni e contributi v/Asl-Ao-Irccs-Policlinici della Regione";454000.00;"28/06/2012";
"2011";"B02405";"B.2.A.14)  Consulenze, Collaborazioni,  Interinale e altre prestazioni di lavoro sanitarie e sociosanitarie";1188722000.00;"04/06/2013";
"2011";"B02410";"B.2.A.14.1) Consulenze sanitarie e sociosan. da Asl-AO, IRCCS, Policlinici della Regione";95000.00;"24/07/2012";
"2011";"B02415";"B.2.A.14.2) Consulenze sanitarie e sociosanit. da Terzi - Altri enti pubblici";12947000.00;"04/06/2013";
"2011";"B02420";"B.2.A.14.3) Consulenze, Collaborazioni,  Interinale e altre prestazioni di lavoro sanitarie e socios. da privato";1162083000.00;"04/06/2013";
"2011";"B02425";"B.2.A.14.3.A) Consulenze sanitarie e sociosanitarie da privato";355713000.00;"04/06/2013";
"2011";"B02430";"B.2.A.14.3.B) Collaborazioni coordinate e continuative sanitarie e socios. da privato";103880000.00;"04/06/2013";
"2011";"B02435";"B.2.A.14.3.C) Indennita' a personale universitario -area sanitaria";456275000.00;"04/06/2013";
"2011";"B02440";"B.2.A.14.3.D) Lavoro interninale -area sanitaria";105802000.00;"04/06/2013";
"2011";"B02445";"B.2.A.14.3.E) Altre collaborazioni e prestazioni di lavoro -area sanitaria";140413000.00;"04/06/2013";
"2011";"B02450";"B.2.A.14.4) Rimborso oneri stipendiali del personale sanitario in comando";13597000.00;"04/06/2013";
"2011";"B02460";"B.2.A.14.4.B) Rimborso oneri stipendiali personale sanitario in comando da Regioni, Enti Pubblici e da Universita'";10556000.00;"04/06/2013";
"2011";"B02465";"B.2.A.14.4.C) Rimborso oneri stipendiali personale sanitario in comando da aziende di altre Regioni (Extraregione)";3041000.00;"04/06/2013";
"2011";"B02470";"B.2.A.15) Altri servizi sanitari e sociosanitari a rilevanza sanitaria";1114708000.00;"04/06/2013";
"2011";"B02475";"B.2.A.15.1)  Altri servizi sanitari e sociosanitari da pubblico V/Asl-AO, IRCCS, Policlinici d/Regione";1438000.00;"28/06/2012";
"2011";"B02480";"B.2.A.15.2)  Altri servizi sanitari e sociosanitari da pubblico - Altri enti";109503000.00;"04/06/2013";
"2011";"B02485";"B.2.A.15.3) Altri servizi sanitari e sociosanitari da pubblico (extra Regione)";8252000.00;"04/06/2013";
"2011";"B02490";"B.2.A.15.4)  Altri servizi sanitari da privato";993269000.00;"04/06/2013";
"2011";"B02495";"B.2.A.15.5)  Costi per servizi sanitari - Mobilita' internazionale passiva";2246000.00;"29/06/2012";
"2011";"B02500";"B.2.B) Acquisti di servizi non sanitari";7777533000.00;"04/06/2013";
"2011";"B02505";"B.2.B.1) Servizi non sanitari";7362063000.00;"04/06/2013";
"2011";"B02510";"B.2.B.1.1)   Lavanderia";543552000.00;"04/06/2013";
"2011";"B02515";"B.2.B.1.2)   Pulizia";1248067000.00;"04/06/2013";
"2011";"B02520";"B.2.B.1.3)   Mensa";789066000.00;"04/06/2013";
"2011";"B02525";"B.2.B.1.4)   Riscaldamento";532371000.00;"04/06/2013";
"2011";"B02530";"B.2.B.1.5)   Elaborazione dati";317817000.00;"04/06/2013";
"2011";"B02535";"B.2.B.1.6)   Servizi trasporti (non sanitari)";81625000.00;"04/06/2013";
"2011";"B02540";"B.2.B.1.7)   Smaltimento rifiuti";214776000.00;"04/06/2013";
"2011";"B02545";"B.2.B.1.8)   Utenze telefoniche";234870000.00;"04/06/2013";
"2011";"B02550";"B.2.B.1.9)   Utenze elettricita'";659545000.00;"04/06/2013";
"2011";"B02555";"B.2.B.1.10)   Altre utenze";256466000.00;"04/06/2013";
"2011";"B02560";"B.2.B.1.11)  Premi di assicurazione";719368000.00;"04/06/2013";
"2011";"B02565";"B.2.B.1.11.A)  Premi di assicurazione - R.C. Professionale";596404000.00;"04/06/2013";
"2011";"B02570";"B.2.B.1.11.B)  Premi di assicurazione - Altri premi assicurativi";122964000.00;"04/06/2013";
"2011";"B02575";"B.2.B.1.12) Altri servizi non sanitari";1764540000.00;"04/06/2013";
"2011";"B02585";"B.2.B.1.12.B) Altri servizi non sanitari da pubblico";205375000.00;"04/06/2013";
"2011";"B02590";"B.2.B.1.12.C) Altri servizi non sanitari da privato";1559165000.00;"04/06/2013";
"2011";"B02595";"B.2.B.2)  Consulenze, Collaborazioni,  Interinale e altre prestazioni di lavoro non sanitarie";275372000.00;"04/06/2013";
"2011";"B02605";"B.2.B.2.2) Consulenze non sanitarie  da Terzi - Altri enti pubblici";3345000.00;"15/03/2013";
"2011";"B02610";"B.2.B.2.3) Consulenze, Collaborazioni,  Interinale e altre prestazioni di lavoro non sanitarie da privato";261598000.00;"04/06/2013";
"2011";"B02615";"B.2.B.2.3.A) Consulenze non sanitarie da privato";76542000.00;"04/06/2013";
"2011";"B02620";"B.2.B.2.3.B) Collaborazioni coordinate e continuative non sanitarie da privato";35483000.00;"04/06/2013";
"2011";"B02625";"B.2.B.2.3.C) Lavoro interinale -area non sanitaria";92407000.00;"04/06/2013";
"2011";"B02630";"B.2.B.2.3.D) Altre collaborazioni e prestazioni di lavoro -area non sanitaria";57166000.00;"04/06/2013";
"2011";"B02635";"B.2.B.2.4) Rimborso oneri stipendiali del personale non sanitario in comando";10429000.00;"04/06/2013";
"2011";"B02640";"B.2.B.2.4.A) Rimborso oneri stipendiali personale non sanitario in comando da Asl-AO, IRCCS, Policlinici della Regione";50000.00;"25/09/2012";
"2011";"B02645";"B.2.B.2.4.B) Rimborso oneri stipendiali personale non sanitario in comando da Regioni, Enti Pubblici e da Universita'";9650000.00;"04/06/2013";
"2011";"B02650";"B.2.B.2.4.C) Rimborso oneri stipendiali personale non sanitario in comando da aziende di altre Regioni (Extraregione)";729000.00;"13/03/2013";
"2011";"B02655";"B.2.B.3) Formazione (esternalizzata e non)";140098000.00;"04/06/2013";
"2011";"B02660";"B.2.B.3.1) Formazione (esternalizzata e non) da pubblico";60802000.00;"04/06/2013";
"2011";"B02665";"B.2.B.3.2) Formazione (esternalizzata e non) da privato";79296000.00;"04/06/2013";
"2011";"B03000";"B.3)  Manutenzione e riparazione (ordinaria esternalizzata)";1849044000.00;"04/06/2013";
"2011";"B03005";"B.3.A)  Manutenzione e riparazione agli immobili e loro pertinenze";631348000.00;"04/06/2013";
"2011";"B03010";"B.3.B)  Manutenzione e riparazione ai mobili e macchine";167433000.00;"04/06/2013";
"2011";"B03015";"B.3.C)  Manutenzione e riparazione alle attrezzature tecnico-scientifico sanitarie";808887000.00;"04/06/2013";
"2011";"B03020";"B.3.D)  Manutenzione e riparazione per la manut. di automezzi (sanitari e non)";24944000.00;"04/06/2013";
"2011";"B03025";"B.3.E)  Altre manutenzioni e riparazioni";216432000.00;"04/06/2013";
"2011";"B04000";"B.4)   Godimento di beni di terzi";982891000.00;"04/06/2013";
"2011";"B04005";"B.4.A)  Affitti passivi";212849000.00;"04/06/2013";
"2011";"B04010";"B.4.B)  Canoni di noleggio";635055000.00;"04/06/2013";
"2011";"B04015";"B.4.B.1) Canoni di noleggio - area sanitaria";452692000.00;"04/06/2013";
"2011";"B04020";"B.4.B.2) Canoni di noleggio - area non sanitaria";182363000.00;"04/06/2013";
"2011";"B04025";"B.4.C)  Canoni di leasing";134987000.00;"04/06/2013";
"2011";"B04030";"B.4.C.1) Canoni di leasing - area sanitaria";108950000.00;"04/06/2013";
"2011";"B04035";"B.4.C.2) Canoni di leasing - area non sanitaria";26037000.00;"04/06/2013";
"2011";"B05000";"B.5)   Personale del ruolo sanitario";28605268000.00;"04/06/2013";
"2011";"B05005";"B.5.A) Costo del personale dirigente ruolo sanitario";14422972000.00;"04/06/2013";
"2011";"B05010";"B.5.A.1) Costo del personale dirigente medico";13120265000.00;"04/06/2013";
"2011";"B05015";"B.5.A.2) Costo del personale dirigente non medico";1302707000.00;"04/06/2013";
"2011";"B05020";"B.5.B) Costo del personale comparto ruolo sanitario";14182296000.00;"04/06/2013";
"2011";"B05089";"Totale Costo del personale";35644528000.00;"04/06/2013";
"2011";"B06000";"B.6)   Personale del ruolo professionale";138258000.00;"04/06/2013";
"2011";"B06005";"B.6.A) Costo del personale dirigente ruolo professionale";124664000.00;"04/06/2013";
"2011";"B06010";"B.6.B) Costo del personale comparto ruolo professionale";13594000.00;"04/06/2013";
"2011";"B07000";"B.7)   Personale del ruolo tecnico";4073221000.00;"04/06/2013";
"2011";"B07005";"B.7.A) Costo del personale dirigente ruolo tecnico";96484000.00;"04/06/2013";
"2011";"B07010";"B.7.B) Costo del personale comparto ruolo tecnico";3976737000.00;"04/06/2013";
"2011";"B08000";"B.8)   Personale del ruolo amministrativo";2827781000.00;"04/06/2013";
"2011";"B08005";"B.8.A) Costo del personale dirigente ruolo amministrativo";282968000.00;"04/06/2013";
"2011";"B08010";"B.8.B) Costo del personale comparto ruolo amministrativo";2544813000.00;"04/06/2013";
"2011";"B09000";"B.9)   Oneri diversi di gestione";600417000.00;"04/06/2013";
"2011";"B09005";"B.9.A)  Imposte e tasse (escluso Irap e Ires)";109411000.00;"04/06/2013";
"2011";"B09010";"B.9.B)  Perdite su crediti";19936000.00;"04/06/2013";
"2011";"B09015";"B.9.C) Altri oneri diversi di gestione";471070000.00;"04/06/2013";
"2011";"B09020";"B.9.C.1)  Indennita', rimborso spese e oneri sociali per gli Organi Direttivi e Collegio Sindacale";181383000.00;"04/06/2013";
"2011";"B09025";"B.9.C.2)  Altri oneri diversi di gestione";289687000.00;"04/06/2013";
"2011";"B10000";"B.10) Ammortamenti delle immobilizzazioni immateriali";158563000.00;"04/06/2013";
"2011";"B11000";"B.11) Ammortamento dei fabbricati";931136000.00;"04/06/2013";
"2011";"B11005";"B.11.A) Ammortamenti fabbricati non strumentali (disponibili)";18687000.00;"04/06/2013";
"2011";"B11010";"B.11.B) Ammortamenti fabbricati strumentali (indisponibili)";912449000.00;"04/06/2013";
"2011";"B11129";"Totale Ammortamenti delle immobilizzazioni materiali";2289179000.00;"04/06/2013";
"2011";"B12000";"B.12) Ammortamenti delle altre immobilizzazioni materiali";1358043000.00;"04/06/2013";
"2011";"B13000";"B.13) Svalutazione dei crediti";106352000.00;"04/06/2013";
"2011";"B14000";"B.14) Variazione delle rimanenze";-78396000.00;"04/06/2013";
"2011";"B14005";"B.14.A) Variazione rimanenze sanitarie";-81973000.00;"04/06/2013";
"2011";"B14010";"B.14.B) Variazione rimanenze non sanitarie";3577000.00;"04/06/2013";
"2011";"B15000";"B.15) Accantonamenti tipici dell'esercizio";2060188000.00;"04/06/2013";
"2011";"B15005";"B.15.A) Accantonamenti per rischi";998021000.00;"04/06/2013";
"2011";"B15010";"B.15.A.1)  Accantonamenti per cause civili ed oneri processuali";243393000.00;"04/06/2013";
"2011";"B15015";"B.15.A.2)  Accantonamenti per contenzioso personale dipendente";61673000.00;"04/06/2013";
"2011";"B15020";"B.15.A.3) Altri accantonamenti per rischi";692955000.00;"04/06/2013";
"2011";"B15025";"B.15.B) Accantonamenti per premio di operosita'";53661000.00;"04/06/2013";
"2011";"B15030";"B.15.C) Altri accantonamenti";1008506000.00;"04/06/2013";
"2011";"B15035";"B.15.C.1)  Accantonamenti per interessi di mora";93614000.00;"04/06/2013";
"2011";"B15040";"B.15.C.2)  Acc. Rinnovi convenzioni MMG/Pls/MCA ed altri";59509000.00;"04/06/2013";
"2011";"B15045";"B.15.C.3)  Acc. Rinnovi contratt. - dirigenza medica";501000.00;"15/03/2013";
"2011";"B15050";"B.15.C.4)  Acc. Rinnovi contratt.- dirigenza non medica";1000.00;"15/03/2013";
"2011";"B15055";"B.15.C.5)  Acc. Rinnovi contratt.: - comparto";20000.00;"15/03/2013";
"2011";"B15060";"B.15.C.6) Altri accantonamenti";854861000.00;"04/06/2013";
"2011";"B99999";"Totale costi della produzione (B)";114515000000.00;"04/06/2013";
"2011";"C01000";"C.1) Interessi attivi";28826000.00;"04/06/2013";
"2011";"C01005";"C.1.A) Interessi attivi su c/tesoreria";19232000.00;"04/06/2013";
"2011";"C01010";"C.1.B) Interessi attivi su c/c postali e bancari";6310000.00;"04/06/2013";
"2011";"C01015";"C.1.C) Altri interessi attivi";3284000.00;"04/06/2013";
"2011";"C02000";"C.2) Altri proventi";3646000.00;"04/06/2013";
"2011";"C02005";"C.2.A) Proventi da partecipazioni";377000.00;"25/10/2012";
"2011";"C02010";"C.2.B) Proventi finanziari da crediti iscritti nelle immobilizzazioni";3000.00;"27/08/2012";
"2011";"C02015";"C.2.C) Proventi finanziari da titoli iscritti nelle immobilizzazioni";75000.00;"27/08/2012";
"2011";"C02020";"C.2.D) Altri proventi finanziari diversi dai precedenti";3187000.00;"04/06/2013";
"2011";"C02025";"C.2.E) Utili su cambi";4000.00;"27/08/2012";
"2011";"C03000";"C.3)  Interessi passivi";410708000.00;"04/06/2013";
"2011";"C03005";"C.3.A) Interessi passivi su c/c tesoreria";91276000.00;"15/03/2013";
"2011";"C03010";"C.3.B) Interessi passivi su mutui";88894000.00;"04/06/2013";
"2011";"C03015";"C.3.C) Altri interessi passivi";230538000.00;"04/06/2013";
"2011";"C04000";"C.4)  Altri oneri";32239000.00;"04/06/2013";
"2011";"C04005";"C.4.A) Altri oneri finanziari";32216000.00;"04/06/2013";
"2011";"C04010";"C.4.B) Perdite su cambi";23000.00;"13/03/2013";
"2011";"C99999";"Totale proventi e oneri finanziari (C)";-410475000.00;"04/06/2013";
"2011";"D01000";"D.1)  Rivalutazioni";2291000.00;"27/08/2012";
"2011";"D02000";"D.2)  Svalutazioni";1177000.00;"15/03/2013";
"2011";"D99999";"Totale rettifiche di valore di attivita' finanziarie (D)";1114000.00;"15/03/2013";
"2011";"E01000";"E.1) Proventi straordinari";1088307000.00;"04/06/2013";
"2011";"E01005";"E.1.A) Plusvalenze";16993000.00;"04/06/2013";
"2011";"E01010";"E.1.B) Altri proventi straordinari";1071314000.00;"04/06/2013";
"2011";"E01015";"E.1.B.1) Proventi da donazioni e liberalita' diverse";14790000.00;"04/06/2013";
"2011";"E01020";"E.1.B.2) Sopravvenienze attive";636302000.00;"04/06/2013";
"2011";"E01030";"E.1.B.2.2) Sopravvenienze Attive v/terzi";636302000.00;"04/06/2013";
"2011";"E01035";"E.1.B.2.2.A) Sopravvenienze attive v/terzi relative alla mobilita' extraregionale";33047000.00;"15/03/2013";
"2011";"E01040";"E.1.B.2.2.B) Sopravvenienze attive v/terzi relative al personale";52212000.00;"04/06/2013";
"2011";"E01045";"E.1.B.2.2.C) Sopravvenienze attive v/terzi relative alle convenzioni con medici di base";9018000.00;"04/06/2013";
"2011";"E01050";"E.1.B.2.2.D) Sopravvenienze attive v/terzi relative alle convenzioni per la specialistica";10130000.00;"04/06/2013";
"2011";"E01055";"E.1.B.2.2.E) Sopravvenienze attive v/terzi relative all'acquisto prestaz. Sanitarie da operatori accreditati";48572000.00;"04/06/2013";
"2011";"E01060";"E.1.B.2.2.F) Sopravvenienze attive v/terzi relative all'acquisto di beni e servizi";147183000.00;"04/06/2013";
"2011";"E01065";"E.1.B.2.2.G) Altre sopravvenienze attive v/terzi";336140000.00;"04/06/2013";
"2011";"E01070";"E.1.B.3) Insussistenze attive";396973000.00;"04/06/2013";
"2011";"E01080";"E.1.B.3.2) Insussistenze Attive v/terzi";396973000.00;"04/06/2013";
"2011";"E01085";"E.1.B.3.2.A) Insussistenze attive v/terzi relative alla mobilita' extraregionale";4875000.00;"15/03/2013";
"2011";"E01090";"E.1.B.3.2.B) Insussistenze attive v/terzi relative al personale";59069000.00;"04/06/2013";
"2011";"E01095";"E.1.B.3.2.C) Insussistenze attive v/terzi relative alle convenzioni con medici di base";3151000.00;"15/03/2013";
"2011";"E01100";"E.1.B.3.2.D) Insussistenze attive v/terzi relative alle convenzioni per la specialistica";3415000.00;"15/03/2013";
"2011";"E01105";"E.1.B.3.2.E) Insussistenze attive v/terzi relative all'acquisto prestaz. Sanitarie da operatori accreditati";46790000.00;"15/03/2013";
"2011";"E01110";"E.1.B.3.2.F) Insussistenze attive v/terzi relative all'acquisto di beni e servizi";116500000.00;"04/06/2013";
"2011";"E01115";"E.1.B.3.2.G) Altre Insussistenze attive v/terzi";163173000.00;"04/06/2013";
"2011";"E01120";"E.1.B.4) Altri proventi straordinari";23249000.00;"04/06/2013";
"2011";"E02000";"E.2) Oneri straordinari";1077405000.00;"04/06/2013";
"2011";"E02005";"E.2.A) Minusvalenze";20047000.00;"04/06/2013";
"2011";"E02010";"E.2.B) Altri oneri straordinari";1057358000.00;"04/06/2013";
"2011";"E02015";"E.2.B.1) Oneri tributari da esercizi precedenti";2642000.00;"15/03/2013";
"2011";"E02020";"E.2.B.2) Oneri da cause civili";5603000.00;"04/06/2013";
"2011";"E02025";"E.2.B.3) Sopravvenienze passive";892537000.00;"04/06/2013";
"2011";"E02030";"E.2.B.3.1) Sopravvenienze passive v/Asl-AO, IRCCS, Policlinici";53000.00;"02/07/2012";
"2011";"E02040";"E.2.B.3.1.B) Altre sopravvenienze passive v/Asl-Ao,Irccs,Pol.";53000.00;"02/07/2012";
"2011";"E02045";"E.2.B.3.2) Sopravvenienze passive v/terzi";892484000.00;"04/06/2013";
"2011";"E02050";"E.2.B.3.2.A) Sopravvenienze passive v/terzi relative alla mobilita' extraregionale";23526000.00;"15/03/2013";
"2011";"E02055";"E.2.B.3.2.B) Sopravvenienze passive v/terzi relative al personale";95873000.00;"04/06/2013";
"2011";"E02060";"E.2.B.3.2.B.1) Soprav. passive v/terzi relative al personale - dirigenza medica";43036000.00;"04/06/2013";
"2011";"E02065";"E.2.B.3.2.B.2) Soprav. passive v/terzi relative al personale - dirigenza non medica";7418000.00;"04/06/2013";
"2011";"E02070";"E.2.B.3.2.B.3) Soprav. passive v/terzi relative al personale - comparto";45419000.00;"04/06/2013";
"2011";"E02075";"E.2.B.3.2.C) Sopravvenienze passive v/terzi relative alle convenzioni con medici di base";44928000.00;"15/03/2013";
"2011";"E02080";"E.2.B.3.2.D) Sopravvenienze passive v/terzi relative alle convenzioni per la specialistica";8052000.00;"04/06/2013";
"2011";"E02085";"E.2.B.3.2.E) Sopravvenienze passive v/terzi relative all'acquisto prestaz. sanitarie da operatori accreditati";77385000.00;"04/06/2013";
"2011";"E02090";"E.2.B.3.2.F) Sopravvenienze passive v/terzi relative all'acquisto di beni e servizi";328189000.00;"04/06/2013";
"2011";"E02095";"E.2.B.3.2.G) Altre sopravvenienze passive v/terzi";314531000.00;"04/06/2013";
"2011";"E02100";"E.2.B.4) Insussistenze passive";153220000.00;"04/06/2013";
"2011";"E02105";"E.2.B.4.1) Insussistenze passive v/Asl-AO, IRCCS, Policlinici";1424000.00;"28/06/2012";
"2011";"E02110";"E.2.B.4.2) Insussistenze passive v/terzi";151796000.00;"04/06/2013";
"2011";"E02115";"E.2.B.4.2.A) Insussistenze passive v/terzi relative alla mobilita' extraregionale";2798000.00;"25/10/2012";
"2011";"E02120";"E.2.B.4.2.B) Insussistenze passive v/terzi relative al personale";286000.00;"15/03/2013";
"2011";"E02125";"E.2.B.4.2.C) Insussistenze passive v/terzi relative alle convenzioni con medici di base";100000.00;"27/08/2012";
"2011";"E02130";"E.2.B.4.2.D) Insussistenze passive v/terzi relative alle convenzioni per la specialistica";9000.00;"02/07/2012";
"2011";"E02135";"E.2.B.4.2.E) Insussistenze passive v/terzi relative all'acquisto prestaz. sanitarie da operatori accreditati";3946000.00;"15/03/2013";
"2011";"E02140";"E.2.B.4.2.F) Insussistenze passive v/terzi relative all'acquisto di beni e servizi";18573000.00;"04/06/2013";
"2011";"E02145";"E.2.B.4.2.G) Altre Insussistenze passive v/terzi";126084000.00;"04/06/2013";
"2011";"E02150";"E.2.B.5) Altri oneri straordinari";3356000.00;"04/06/2013";
"2011";"E99999";"Totale proventi e oneri straordinari (E)";10902000.00;"04/06/2013";
"2011";"X01000";"Risultato prima delle imposte (A - B +/- C +/- D +/- E)";795921000.00;"04/06/2013";
"2011";"Y01000";"Y.1) IRAP";2582976000.00;"04/06/2013";
"2011";"Y01005";"Y.1.A) IRAP relativa a personale dipendente";2372209000.00;"04/06/2013";
"2011";"Y01010";"Y.1.B) IRAP relativa a collaboratori e personale assimilato a lavoro dipendente";136889000.00;"04/06/2013";
"2011";"Y01015";"Y.1.C) IRAP relativa ad attivita' di libera professione (intramoenia)";72014000.00;"04/06/2013";
"2011";"Y01020";"Y.1.D) IRAP relativa ad attivita' commerciali";1864000.00;"04/06/2013";
"2011";"Y02000";"Y.2) IRES";41560000.00;"04/06/2013";
"2011";"Y02005";"Y.2.A) IRES su attivita' istituzionale";35084000.00;"04/06/2013";
"2011";"Y02010";"Y.2.B) IRES su attivita' commerciale";6476000.00;"15/03/2013";
"2011";"Y03000";"Y.3) Accantonamento a F.do Imposte (Accertamenti, condoni, ecc.)";6543000.00;"13/03/2013";
"2011";"Y99999";"Totale imposte e tasse";2631079000.00;"04/06/2013";
"2011";"Z99999";"RISULTATO DI ESERCIZIO";-1835158000.00;"04/06/2013";
